[2025-04-03 07:42:41] local.ERROR: SQLSTATE[42000]: Syntax error or access violation: 1071 Specified key was too long; max key length is 1000 bytes (Connection: mysql, SQL: alter table `users` add unique `users_email_unique`(`email`)) {"exception":"[object] (Illuminate\\Database\\QueryException(code: 42000): SQLSTATE[42000]: Syntax error or access violation: 1071 Specified key was too long; max key length is 1000 bytes (Connection: mysql, SQL: alter table `users` add unique `users_email_unique`(`email`)) at D:\\weblaptrinh2\\srccode\\vendor\\laravel\\framework\\src\\Illuminate\\Database\\Connection.php:829)
[stacktrace]
#0 D:\\weblaptrinh2\\srccode\\vendor\\laravel\\framework\\src\\Illuminate\\Database\\Connection.php(783): Illuminate\\Database\\Connection->runQueryCallback('alter table `us...', Array, Object(Closure))
#1 D:\\weblaptrinh2\\srccode\\vendor\\laravel\\framework\\src\\Illuminate\\Database\\Connection.php(576): Illuminate\\Database\\Connection->run('alter table `us...', Array, Object(Closure))
#2 D:\\weblaptrinh2\\srccode\\vendor\\laravel\\framework\\src\\Illuminate\\Database\\Schema\\Blueprint.php(110): Illuminate\\Database\\Connection->statement('alter table `us...')
#3 D:\\weblaptrinh2\\srccode\\vendor\\laravel\\framework\\src\\Illuminate\\Database\\Schema\\Builder.php(602): Illuminate\\Database\\Schema\\Blueprint->build(Object(Illuminate\\Database\\MySqlConnection), Object(Illuminate\\Database\\Schema\\Grammars\\MySqlGrammar))
#4 D:\\weblaptrinh2\\srccode\\vendor\\laravel\\framework\\src\\Illuminate\\Database\\Schema\\Builder.php(456): Illuminate\\Database\\Schema\\Builder->build(Object(Illuminate\\Database\\Schema\\Blueprint))
#5 D:\\weblaptrinh2\\srccode\\vendor\\laravel\\framework\\src\\Illuminate\\Support\\Facades\\Facade.php(355): Illuminate\\Database\\Schema\\Builder->create('users', Object(Closure))
#6 D:\\weblaptrinh2\\srccode\\database\\migrations\\2014_10_12_000000_create_users_table.php(14): Illuminate\\Support\\Facades\\Facade::__callStatic('create', Array)
#7 D:\\weblaptrinh2\\srccode\\vendor\\laravel\\framework\\src\\Illuminate\\Database\\Migrations\\Migrator.php(501): Illuminate\\Database\\Migrations\\Migration@anonymous->up()
#8 D:\\weblaptrinh2\\srccode\\vendor\\laravel\\framework\\src\\Illuminate\\Database\\Migrations\\Migrator.php(418): Illuminate\\Database\\Migrations\\Migrator->runMethod(Object(Illuminate\\Database\\MySqlConnection), Object(Illuminate\\Database\\Migrations\\Migration@anonymous), 'up')
#9 D:\\weblaptrinh2\\srccode\\vendor\\laravel\\framework\\src\\Illuminate\\Database\\Migrations\\Migrator.php(427): Illuminate\\Database\\Migrations\\Migrator->Illuminate\\Database\\Migrations\\{closure}()
#10 D:\\weblaptrinh2\\srccode\\vendor\\laravel\\framework\\src\\Illuminate\\Database\\Migrations\\Migrator.php(224): Illuminate\\Database\\Migrations\\Migrator->runMigration(Object(Illuminate\\Database\\Migrations\\Migration@anonymous), 'up')
#11 D:\\weblaptrinh2\\srccode\\vendor\\laravel\\framework\\src\\Illuminate\\Console\\View\\Components\\Task.php(37): Illuminate\\Database\\Migrations\\Migrator->Illuminate\\Database\\Migrations\\{closure}()
#12 D:\\weblaptrinh2\\srccode\\vendor\\laravel\\framework\\src\\Illuminate\\Database\\Migrations\\Migrator.php(783): Illuminate\\Console\\View\\Components\\Task->render('2014_10_12_0000...', Object(Closure))
#13 D:\\weblaptrinh2\\srccode\\vendor\\laravel\\framework\\src\\Illuminate\\Database\\Migrations\\Migrator.php(224): Illuminate\\Database\\Migrations\\Migrator->write('Illuminate\\\\Cons...', '2014_10_12_0000...', Object(Closure))
#14 D:\\weblaptrinh2\\srccode\\vendor\\laravel\\framework\\src\\Illuminate\\Database\\Migrations\\Migrator.php(189): Illuminate\\Database\\Migrations\\Migrator->runUp('D:\\\\weblaptrinh2...', 1, false)
#15 D:\\weblaptrinh2\\srccode\\vendor\\laravel\\framework\\src\\Illuminate\\Database\\Migrations\\Migrator.php(132): Illuminate\\Database\\Migrations\\Migrator->runPending(Array, Array)
#16 D:\\weblaptrinh2\\srccode\\vendor\\laravel\\framework\\src\\Illuminate\\Database\\Console\\Migrations\\MigrateCommand.php(90): Illuminate\\Database\\Migrations\\Migrator->run(Array, Array)
#17 D:\\weblaptrinh2\\srccode\\vendor\\laravel\\framework\\src\\Illuminate\\Database\\Migrations\\Migrator.php(641): Illuminate\\Database\\Console\\Migrations\\MigrateCommand->Illuminate\\Database\\Console\\Migrations\\{closure}()
#18 D:\\weblaptrinh2\\srccode\\vendor\\laravel\\framework\\src\\Illuminate\\Database\\Console\\Migrations\\MigrateCommand.php(83): Illuminate\\Database\\Migrations\\Migrator->usingConnection(NULL, Object(Closure))
#19 D:\\weblaptrinh2\\srccode\\vendor\\laravel\\framework\\src\\Illuminate\\Container\\BoundMethod.php(36): Illuminate\\Database\\Console\\Migrations\\MigrateCommand->handle()
#20 D:\\weblaptrinh2\\srccode\\vendor\\laravel\\framework\\src\\Illuminate\\Container\\Util.php(41): Illuminate\\Container\\BoundMethod::Illuminate\\Container\\{closure}()
#21 D:\\weblaptrinh2\\srccode\\vendor\\laravel\\framework\\src\\Illuminate\\Container\\BoundMethod.php(93): Illuminate\\Container\\Util::unwrapIfClosure(Object(Closure))
#22 D:\\weblaptrinh2\\srccode\\vendor\\laravel\\framework\\src\\Illuminate\\Container\\BoundMethod.php(35): Illuminate\\Container\\BoundMethod::callBoundMethod(Object(Illuminate\\Foundation\\Application), Array, Object(Closure))
#23 D:\\weblaptrinh2\\srccode\\vendor\\laravel\\framework\\src\\Illuminate\\Container\\Container.php(662): Illuminate\\Container\\BoundMethod::call(Object(Illuminate\\Foundation\\Application), Array, Array, NULL)
#24 D:\\weblaptrinh2\\srccode\\vendor\\laravel\\framework\\src\\Illuminate\\Console\\Command.php(211): Illuminate\\Container\\Container->call(Array)
#25 D:\\weblaptrinh2\\srccode\\vendor\\symfony\\console\\Command\\Command.php(326): Illuminate\\Console\\Command->execute(Object(Symfony\\Component\\Console\\Input\\ArgvInput), Object(Illuminate\\Console\\OutputStyle))
#26 D:\\weblaptrinh2\\srccode\\vendor\\laravel\\framework\\src\\Illuminate\\Console\\Command.php(180): Symfony\\Component\\Console\\Command\\Command->run(Object(Symfony\\Component\\Console\\Input\\ArgvInput), Object(Illuminate\\Console\\OutputStyle))
#27 D:\\weblaptrinh2\\srccode\\vendor\\symfony\\console\\Application.php(1096): Illuminate\\Console\\Command->run(Object(Symfony\\Component\\Console\\Input\\ArgvInput), Object(Symfony\\Component\\Console\\Output\\ConsoleOutput))
#28 D:\\weblaptrinh2\\srccode\\vendor\\symfony\\console\\Application.php(324): Symfony\\Component\\Console\\Application->doRunCommand(Object(Illuminate\\Database\\Console\\Migrations\\MigrateCommand), Object(Symfony\\Component\\Console\\Input\\ArgvInput), Object(Symfony\\Component\\Console\\Output\\ConsoleOutput))
#29 D:\\weblaptrinh2\\srccode\\vendor\\symfony\\console\\Application.php(175): Symfony\\Component\\Console\\Application->doRun(Object(Symfony\\Component\\Console\\Input\\ArgvInput), Object(Symfony\\Component\\Console\\Output\\ConsoleOutput))
#30 D:\\weblaptrinh2\\srccode\\vendor\\laravel\\framework\\src\\Illuminate\\Foundation\\Console\\Kernel.php(201): Symfony\\Component\\Console\\Application->run(Object(Symfony\\Component\\Console\\Input\\ArgvInput), Object(Symfony\\Component\\Console\\Output\\ConsoleOutput))
#31 D:\\weblaptrinh2\\srccode\\artisan(35): Illuminate\\Foundation\\Console\\Kernel->handle(Object(Symfony\\Component\\Console\\Input\\ArgvInput), Object(Symfony\\Component\\Console\\Output\\ConsoleOutput))
#32 {main}

[previous exception] [object] (PDOException(code: 42000): SQLSTATE[42000]: Syntax error or access violation: 1071 Specified key was too long; max key length is 1000 bytes at D:\\weblaptrinh2\\srccode\\vendor\\laravel\\framework\\src\\Illuminate\\Database\\Connection.php:587)
[stacktrace]
#0 D:\\weblaptrinh2\\srccode\\vendor\\laravel\\framework\\src\\Illuminate\\Database\\Connection.php(587): PDOStatement->execute()
#1 D:\\weblaptrinh2\\srccode\\vendor\\laravel\\framework\\src\\Illuminate\\Database\\Connection.php(816): Illuminate\\Database\\Connection->Illuminate\\Database\\{closure}('alter table `us...', Array)
#2 D:\\weblaptrinh2\\srccode\\vendor\\laravel\\framework\\src\\Illuminate\\Database\\Connection.php(783): Illuminate\\Database\\Connection->runQueryCallback('alter table `us...', Array, Object(Closure))
#3 D:\\weblaptrinh2\\srccode\\vendor\\laravel\\framework\\src\\Illuminate\\Database\\Connection.php(576): Illuminate\\Database\\Connection->run('alter table `us...', Array, Object(Closure))
#4 D:\\weblaptrinh2\\srccode\\vendor\\laravel\\framework\\src\\Illuminate\\Database\\Schema\\Blueprint.php(110): Illuminate\\Database\\Connection->statement('alter table `us...')
#5 D:\\weblaptrinh2\\srccode\\vendor\\laravel\\framework\\src\\Illuminate\\Database\\Schema\\Builder.php(602): Illuminate\\Database\\Schema\\Blueprint->build(Object(Illuminate\\Database\\MySqlConnection), Object(Illuminate\\Database\\Schema\\Grammars\\MySqlGrammar))
#6 D:\\weblaptrinh2\\srccode\\vendor\\laravel\\framework\\src\\Illuminate\\Database\\Schema\\Builder.php(456): Illuminate\\Database\\Schema\\Builder->build(Object(Illuminate\\Database\\Schema\\Blueprint))
#7 D:\\weblaptrinh2\\srccode\\vendor\\laravel\\framework\\src\\Illuminate\\Support\\Facades\\Facade.php(355): Illuminate\\Database\\Schema\\Builder->create('users', Object(Closure))
#8 D:\\weblaptrinh2\\srccode\\database\\migrations\\2014_10_12_000000_create_users_table.php(14): Illuminate\\Support\\Facades\\Facade::__callStatic('create', Array)
#9 D:\\weblaptrinh2\\srccode\\vendor\\laravel\\framework\\src\\Illuminate\\Database\\Migrations\\Migrator.php(501): Illuminate\\Database\\Migrations\\Migration@anonymous->up()
#10 D:\\weblaptrinh2\\srccode\\vendor\\laravel\\framework\\src\\Illuminate\\Database\\Migrations\\Migrator.php(418): Illuminate\\Database\\Migrations\\Migrator->runMethod(Object(Illuminate\\Database\\MySqlConnection), Object(Illuminate\\Database\\Migrations\\Migration@anonymous), 'up')
#11 D:\\weblaptrinh2\\srccode\\vendor\\laravel\\framework\\src\\Illuminate\\Database\\Migrations\\Migrator.php(427): Illuminate\\Database\\Migrations\\Migrator->Illuminate\\Database\\Migrations\\{closure}()
#12 D:\\weblaptrinh2\\srccode\\vendor\\laravel\\framework\\src\\Illuminate\\Database\\Migrations\\Migrator.php(224): Illuminate\\Database\\Migrations\\Migrator->runMigration(Object(Illuminate\\Database\\Migrations\\Migration@anonymous), 'up')
#13 D:\\weblaptrinh2\\srccode\\vendor\\laravel\\framework\\src\\Illuminate\\Console\\View\\Components\\Task.php(37): Illuminate\\Database\\Migrations\\Migrator->Illuminate\\Database\\Migrations\\{closure}()
#14 D:\\weblaptrinh2\\srccode\\vendor\\laravel\\framework\\src\\Illuminate\\Database\\Migrations\\Migrator.php(783): Illuminate\\Console\\View\\Components\\Task->render('2014_10_12_0000...', Object(Closure))
#15 D:\\weblaptrinh2\\srccode\\vendor\\laravel\\framework\\src\\Illuminate\\Database\\Migrations\\Migrator.php(224): Illuminate\\Database\\Migrations\\Migrator->write('Illuminate\\\\Cons...', '2014_10_12_0000...', Object(Closure))
#16 D:\\weblaptrinh2\\srccode\\vendor\\laravel\\framework\\src\\Illuminate\\Database\\Migrations\\Migrator.php(189): Illuminate\\Database\\Migrations\\Migrator->runUp('D:\\\\weblaptrinh2...', 1, false)
#17 D:\\weblaptrinh2\\srccode\\vendor\\laravel\\framework\\src\\Illuminate\\Database\\Migrations\\Migrator.php(132): Illuminate\\Database\\Migrations\\Migrator->runPending(Array, Array)
#18 D:\\weblaptrinh2\\srccode\\vendor\\laravel\\framework\\src\\Illuminate\\Database\\Console\\Migrations\\MigrateCommand.php(90): Illuminate\\Database\\Migrations\\Migrator->run(Array, Array)
#19 D:\\weblaptrinh2\\srccode\\vendor\\laravel\\framework\\src\\Illuminate\\Database\\Migrations\\Migrator.php(641): Illuminate\\Database\\Console\\Migrations\\MigrateCommand->Illuminate\\Database\\Console\\Migrations\\{closure}()
#20 D:\\weblaptrinh2\\srccode\\vendor\\laravel\\framework\\src\\Illuminate\\Database\\Console\\Migrations\\MigrateCommand.php(83): Illuminate\\Database\\Migrations\\Migrator->usingConnection(NULL, Object(Closure))
#21 D:\\weblaptrinh2\\srccode\\vendor\\laravel\\framework\\src\\Illuminate\\Container\\BoundMethod.php(36): Illuminate\\Database\\Console\\Migrations\\MigrateCommand->handle()
#22 D:\\weblaptrinh2\\srccode\\vendor\\laravel\\framework\\src\\Illuminate\\Container\\Util.php(41): Illuminate\\Container\\BoundMethod::Illuminate\\Container\\{closure}()
#23 D:\\weblaptrinh2\\srccode\\vendor\\laravel\\framework\\src\\Illuminate\\Container\\BoundMethod.php(93): Illuminate\\Container\\Util::unwrapIfClosure(Object(Closure))
#24 D:\\weblaptrinh2\\srccode\\vendor\\laravel\\framework\\src\\Illuminate\\Container\\BoundMethod.php(35): Illuminate\\Container\\BoundMethod::callBoundMethod(Object(Illuminate\\Foundation\\Application), Array, Object(Closure))
#25 D:\\weblaptrinh2\\srccode\\vendor\\laravel\\framework\\src\\Illuminate\\Container\\Container.php(662): Illuminate\\Container\\BoundMethod::call(Object(Illuminate\\Foundation\\Application), Array, Array, NULL)
#26 D:\\weblaptrinh2\\srccode\\vendor\\laravel\\framework\\src\\Illuminate\\Console\\Command.php(211): Illuminate\\Container\\Container->call(Array)
#27 D:\\weblaptrinh2\\srccode\\vendor\\symfony\\console\\Command\\Command.php(326): Illuminate\\Console\\Command->execute(Object(Symfony\\Component\\Console\\Input\\ArgvInput), Object(Illuminate\\Console\\OutputStyle))
#28 D:\\weblaptrinh2\\srccode\\vendor\\laravel\\framework\\src\\Illuminate\\Console\\Command.php(180): Symfony\\Component\\Console\\Command\\Command->run(Object(Symfony\\Component\\Console\\Input\\ArgvInput), Object(Illuminate\\Console\\OutputStyle))
#29 D:\\weblaptrinh2\\srccode\\vendor\\symfony\\console\\Application.php(1096): Illuminate\\Console\\Command->run(Object(Symfony\\Component\\Console\\Input\\ArgvInput), Object(Symfony\\Component\\Console\\Output\\ConsoleOutput))
#30 D:\\weblaptrinh2\\srccode\\vendor\\symfony\\console\\Application.php(324): Symfony\\Component\\Console\\Application->doRunCommand(Object(Illuminate\\Database\\Console\\Migrations\\MigrateCommand), Object(Symfony\\Component\\Console\\Input\\ArgvInput), Object(Symfony\\Component\\Console\\Output\\ConsoleOutput))
#31 D:\\weblaptrinh2\\srccode\\vendor\\symfony\\console\\Application.php(175): Symfony\\Component\\Console\\Application->doRun(Object(Symfony\\Component\\Console\\Input\\ArgvInput), Object(Symfony\\Component\\Console\\Output\\ConsoleOutput))
#32 D:\\weblaptrinh2\\srccode\\vendor\\laravel\\framework\\src\\Illuminate\\Foundation\\Console\\Kernel.php(201): Symfony\\Component\\Console\\Application->run(Object(Symfony\\Component\\Console\\Input\\ArgvInput), Object(Symfony\\Component\\Console\\Output\\ConsoleOutput))
#33 D:\\weblaptrinh2\\srccode\\artisan(35): Illuminate\\Foundation\\Console\\Kernel->handle(Object(Symfony\\Component\\Console\\Input\\ArgvInput), Object(Symfony\\Component\\Console\\Output\\ConsoleOutput))
#34 {main}
"} 
[2025-04-03 07:43:26] local.ERROR: SQLSTATE[42S01]: Base table or view already exists: 1050 Table 'users' already exists (Connection: mysql, SQL: create table `users` (`id` bigint unsigned not null auto_increment primary key, `name` varchar(255) not null, `email` varchar(255) not null, `email_verified_at` timestamp null, `password` varchar(255) not null, `remember_token` varchar(100) null, `created_at` timestamp null, `updated_at` timestamp null) default character set utf8mb4 collate 'utf8mb4_unicode_ci') {"exception":"[object] (Illuminate\\Database\\QueryException(code: 42S01): SQLSTATE[42S01]: Base table or view already exists: 1050 Table 'users' already exists (Connection: mysql, SQL: create table `users` (`id` bigint unsigned not null auto_increment primary key, `name` varchar(255) not null, `email` varchar(255) not null, `email_verified_at` timestamp null, `password` varchar(255) not null, `remember_token` varchar(100) null, `created_at` timestamp null, `updated_at` timestamp null) default character set utf8mb4 collate 'utf8mb4_unicode_ci') at D:\\weblaptrinh2\\srccode\\vendor\\laravel\\framework\\src\\Illuminate\\Database\\Connection.php:829)
[stacktrace]
#0 D:\\weblaptrinh2\\srccode\\vendor\\laravel\\framework\\src\\Illuminate\\Database\\Connection.php(783): Illuminate\\Database\\Connection->runQueryCallback('create table `u...', Array, Object(Closure))
#1 D:\\weblaptrinh2\\srccode\\vendor\\laravel\\framework\\src\\Illuminate\\Database\\Connection.php(576): Illuminate\\Database\\Connection->run('create table `u...', Array, Object(Closure))
#2 D:\\weblaptrinh2\\srccode\\vendor\\laravel\\framework\\src\\Illuminate\\Database\\Schema\\Blueprint.php(110): Illuminate\\Database\\Connection->statement('create table `u...')
#3 D:\\weblaptrinh2\\srccode\\vendor\\laravel\\framework\\src\\Illuminate\\Database\\Schema\\Builder.php(602): Illuminate\\Database\\Schema\\Blueprint->build(Object(Illuminate\\Database\\MySqlConnection), Object(Illuminate\\Database\\Schema\\Grammars\\MySqlGrammar))
#4 D:\\weblaptrinh2\\srccode\\vendor\\laravel\\framework\\src\\Illuminate\\Database\\Schema\\Builder.php(456): Illuminate\\Database\\Schema\\Builder->build(Object(Illuminate\\Database\\Schema\\Blueprint))
#5 D:\\weblaptrinh2\\srccode\\vendor\\laravel\\framework\\src\\Illuminate\\Support\\Facades\\Facade.php(355): Illuminate\\Database\\Schema\\Builder->create('users', Object(Closure))
#6 D:\\weblaptrinh2\\srccode\\database\\migrations\\2014_10_12_000000_create_users_table.php(14): Illuminate\\Support\\Facades\\Facade::__callStatic('create', Array)
#7 D:\\weblaptrinh2\\srccode\\vendor\\laravel\\framework\\src\\Illuminate\\Database\\Migrations\\Migrator.php(501): Illuminate\\Database\\Migrations\\Migration@anonymous->up()
#8 D:\\weblaptrinh2\\srccode\\vendor\\laravel\\framework\\src\\Illuminate\\Database\\Migrations\\Migrator.php(418): Illuminate\\Database\\Migrations\\Migrator->runMethod(Object(Illuminate\\Database\\MySqlConnection), Object(Illuminate\\Database\\Migrations\\Migration@anonymous), 'up')
#9 D:\\weblaptrinh2\\srccode\\vendor\\laravel\\framework\\src\\Illuminate\\Database\\Migrations\\Migrator.php(427): Illuminate\\Database\\Migrations\\Migrator->Illuminate\\Database\\Migrations\\{closure}()
#10 D:\\weblaptrinh2\\srccode\\vendor\\laravel\\framework\\src\\Illuminate\\Database\\Migrations\\Migrator.php(224): Illuminate\\Database\\Migrations\\Migrator->runMigration(Object(Illuminate\\Database\\Migrations\\Migration@anonymous), 'up')
#11 D:\\weblaptrinh2\\srccode\\vendor\\laravel\\framework\\src\\Illuminate\\Console\\View\\Components\\Task.php(37): Illuminate\\Database\\Migrations\\Migrator->Illuminate\\Database\\Migrations\\{closure}()
#12 D:\\weblaptrinh2\\srccode\\vendor\\laravel\\framework\\src\\Illuminate\\Database\\Migrations\\Migrator.php(783): Illuminate\\Console\\View\\Components\\Task->render('2014_10_12_0000...', Object(Closure))
#13 D:\\weblaptrinh2\\srccode\\vendor\\laravel\\framework\\src\\Illuminate\\Database\\Migrations\\Migrator.php(224): Illuminate\\Database\\Migrations\\Migrator->write('Illuminate\\\\Cons...', '2014_10_12_0000...', Object(Closure))
#14 D:\\weblaptrinh2\\srccode\\vendor\\laravel\\framework\\src\\Illuminate\\Database\\Migrations\\Migrator.php(189): Illuminate\\Database\\Migrations\\Migrator->runUp('D:\\\\weblaptrinh2...', 1, false)
#15 D:\\weblaptrinh2\\srccode\\vendor\\laravel\\framework\\src\\Illuminate\\Database\\Migrations\\Migrator.php(132): Illuminate\\Database\\Migrations\\Migrator->runPending(Array, Array)
#16 D:\\weblaptrinh2\\srccode\\vendor\\laravel\\framework\\src\\Illuminate\\Database\\Console\\Migrations\\MigrateCommand.php(90): Illuminate\\Database\\Migrations\\Migrator->run(Array, Array)
#17 D:\\weblaptrinh2\\srccode\\vendor\\laravel\\framework\\src\\Illuminate\\Database\\Migrations\\Migrator.php(641): Illuminate\\Database\\Console\\Migrations\\MigrateCommand->Illuminate\\Database\\Console\\Migrations\\{closure}()
#18 D:\\weblaptrinh2\\srccode\\vendor\\laravel\\framework\\src\\Illuminate\\Database\\Console\\Migrations\\MigrateCommand.php(83): Illuminate\\Database\\Migrations\\Migrator->usingConnection(NULL, Object(Closure))
#19 D:\\weblaptrinh2\\srccode\\vendor\\laravel\\framework\\src\\Illuminate\\Container\\BoundMethod.php(36): Illuminate\\Database\\Console\\Migrations\\MigrateCommand->handle()
#20 D:\\weblaptrinh2\\srccode\\vendor\\laravel\\framework\\src\\Illuminate\\Container\\Util.php(41): Illuminate\\Container\\BoundMethod::Illuminate\\Container\\{closure}()
#21 D:\\weblaptrinh2\\srccode\\vendor\\laravel\\framework\\src\\Illuminate\\Container\\BoundMethod.php(93): Illuminate\\Container\\Util::unwrapIfClosure(Object(Closure))
#22 D:\\weblaptrinh2\\srccode\\vendor\\laravel\\framework\\src\\Illuminate\\Container\\BoundMethod.php(35): Illuminate\\Container\\BoundMethod::callBoundMethod(Object(Illuminate\\Foundation\\Application), Array, Object(Closure))
#23 D:\\weblaptrinh2\\srccode\\vendor\\laravel\\framework\\src\\Illuminate\\Container\\Container.php(662): Illuminate\\Container\\BoundMethod::call(Object(Illuminate\\Foundation\\Application), Array, Array, NULL)
#24 D:\\weblaptrinh2\\srccode\\vendor\\laravel\\framework\\src\\Illuminate\\Console\\Command.php(211): Illuminate\\Container\\Container->call(Array)
#25 D:\\weblaptrinh2\\srccode\\vendor\\symfony\\console\\Command\\Command.php(326): Illuminate\\Console\\Command->execute(Object(Symfony\\Component\\Console\\Input\\ArgvInput), Object(Illuminate\\Console\\OutputStyle))
#26 D:\\weblaptrinh2\\srccode\\vendor\\laravel\\framework\\src\\Illuminate\\Console\\Command.php(180): Symfony\\Component\\Console\\Command\\Command->run(Object(Symfony\\Component\\Console\\Input\\ArgvInput), Object(Illuminate\\Console\\OutputStyle))
#27 D:\\weblaptrinh2\\srccode\\vendor\\symfony\\console\\Application.php(1096): Illuminate\\Console\\Command->run(Object(Symfony\\Component\\Console\\Input\\ArgvInput), Object(Symfony\\Component\\Console\\Output\\ConsoleOutput))
#28 D:\\weblaptrinh2\\srccode\\vendor\\symfony\\console\\Application.php(324): Symfony\\Component\\Console\\Application->doRunCommand(Object(Illuminate\\Database\\Console\\Migrations\\MigrateCommand), Object(Symfony\\Component\\Console\\Input\\ArgvInput), Object(Symfony\\Component\\Console\\Output\\ConsoleOutput))
#29 D:\\weblaptrinh2\\srccode\\vendor\\symfony\\console\\Application.php(175): Symfony\\Component\\Console\\Application->doRun(Object(Symfony\\Component\\Console\\Input\\ArgvInput), Object(Symfony\\Component\\Console\\Output\\ConsoleOutput))
#30 D:\\weblaptrinh2\\srccode\\vendor\\laravel\\framework\\src\\Illuminate\\Foundation\\Console\\Kernel.php(201): Symfony\\Component\\Console\\Application->run(Object(Symfony\\Component\\Console\\Input\\ArgvInput), Object(Symfony\\Component\\Console\\Output\\ConsoleOutput))
#31 D:\\weblaptrinh2\\srccode\\artisan(35): Illuminate\\Foundation\\Console\\Kernel->handle(Object(Symfony\\Component\\Console\\Input\\ArgvInput), Object(Symfony\\Component\\Console\\Output\\ConsoleOutput))
#32 {main}

[previous exception] [object] (PDOException(code: 42S01): SQLSTATE[42S01]: Base table or view already exists: 1050 Table 'users' already exists at D:\\weblaptrinh2\\srccode\\vendor\\laravel\\framework\\src\\Illuminate\\Database\\Connection.php:587)
[stacktrace]
#0 D:\\weblaptrinh2\\srccode\\vendor\\laravel\\framework\\src\\Illuminate\\Database\\Connection.php(587): PDOStatement->execute()
#1 D:\\weblaptrinh2\\srccode\\vendor\\laravel\\framework\\src\\Illuminate\\Database\\Connection.php(816): Illuminate\\Database\\Connection->Illuminate\\Database\\{closure}('create table `u...', Array)
#2 D:\\weblaptrinh2\\srccode\\vendor\\laravel\\framework\\src\\Illuminate\\Database\\Connection.php(783): Illuminate\\Database\\Connection->runQueryCallback('create table `u...', Array, Object(Closure))
#3 D:\\weblaptrinh2\\srccode\\vendor\\laravel\\framework\\src\\Illuminate\\Database\\Connection.php(576): Illuminate\\Database\\Connection->run('create table `u...', Array, Object(Closure))
#4 D:\\weblaptrinh2\\srccode\\vendor\\laravel\\framework\\src\\Illuminate\\Database\\Schema\\Blueprint.php(110): Illuminate\\Database\\Connection->statement('create table `u...')
#5 D:\\weblaptrinh2\\srccode\\vendor\\laravel\\framework\\src\\Illuminate\\Database\\Schema\\Builder.php(602): Illuminate\\Database\\Schema\\Blueprint->build(Object(Illuminate\\Database\\MySqlConnection), Object(Illuminate\\Database\\Schema\\Grammars\\MySqlGrammar))
#6 D:\\weblaptrinh2\\srccode\\vendor\\laravel\\framework\\src\\Illuminate\\Database\\Schema\\Builder.php(456): Illuminate\\Database\\Schema\\Builder->build(Object(Illuminate\\Database\\Schema\\Blueprint))
#7 D:\\weblaptrinh2\\srccode\\vendor\\laravel\\framework\\src\\Illuminate\\Support\\Facades\\Facade.php(355): Illuminate\\Database\\Schema\\Builder->create('users', Object(Closure))
#8 D:\\weblaptrinh2\\srccode\\database\\migrations\\2014_10_12_000000_create_users_table.php(14): Illuminate\\Support\\Facades\\Facade::__callStatic('create', Array)
#9 D:\\weblaptrinh2\\srccode\\vendor\\laravel\\framework\\src\\Illuminate\\Database\\Migrations\\Migrator.php(501): Illuminate\\Database\\Migrations\\Migration@anonymous->up()
#10 D:\\weblaptrinh2\\srccode\\vendor\\laravel\\framework\\src\\Illuminate\\Database\\Migrations\\Migrator.php(418): Illuminate\\Database\\Migrations\\Migrator->runMethod(Object(Illuminate\\Database\\MySqlConnection), Object(Illuminate\\Database\\Migrations\\Migration@anonymous), 'up')
#11 D:\\weblaptrinh2\\srccode\\vendor\\laravel\\framework\\src\\Illuminate\\Database\\Migrations\\Migrator.php(427): Illuminate\\Database\\Migrations\\Migrator->Illuminate\\Database\\Migrations\\{closure}()
#12 D:\\weblaptrinh2\\srccode\\vendor\\laravel\\framework\\src\\Illuminate\\Database\\Migrations\\Migrator.php(224): Illuminate\\Database\\Migrations\\Migrator->runMigration(Object(Illuminate\\Database\\Migrations\\Migration@anonymous), 'up')
#13 D:\\weblaptrinh2\\srccode\\vendor\\laravel\\framework\\src\\Illuminate\\Console\\View\\Components\\Task.php(37): Illuminate\\Database\\Migrations\\Migrator->Illuminate\\Database\\Migrations\\{closure}()
#14 D:\\weblaptrinh2\\srccode\\vendor\\laravel\\framework\\src\\Illuminate\\Database\\Migrations\\Migrator.php(783): Illuminate\\Console\\View\\Components\\Task->render('2014_10_12_0000...', Object(Closure))
#15 D:\\weblaptrinh2\\srccode\\vendor\\laravel\\framework\\src\\Illuminate\\Database\\Migrations\\Migrator.php(224): Illuminate\\Database\\Migrations\\Migrator->write('Illuminate\\\\Cons...', '2014_10_12_0000...', Object(Closure))
#16 D:\\weblaptrinh2\\srccode\\vendor\\laravel\\framework\\src\\Illuminate\\Database\\Migrations\\Migrator.php(189): Illuminate\\Database\\Migrations\\Migrator->runUp('D:\\\\weblaptrinh2...', 1, false)
#17 D:\\weblaptrinh2\\srccode\\vendor\\laravel\\framework\\src\\Illuminate\\Database\\Migrations\\Migrator.php(132): Illuminate\\Database\\Migrations\\Migrator->runPending(Array, Array)
#18 D:\\weblaptrinh2\\srccode\\vendor\\laravel\\framework\\src\\Illuminate\\Database\\Console\\Migrations\\MigrateCommand.php(90): Illuminate\\Database\\Migrations\\Migrator->run(Array, Array)
#19 D:\\weblaptrinh2\\srccode\\vendor\\laravel\\framework\\src\\Illuminate\\Database\\Migrations\\Migrator.php(641): Illuminate\\Database\\Console\\Migrations\\MigrateCommand->Illuminate\\Database\\Console\\Migrations\\{closure}()
#20 D:\\weblaptrinh2\\srccode\\vendor\\laravel\\framework\\src\\Illuminate\\Database\\Console\\Migrations\\MigrateCommand.php(83): Illuminate\\Database\\Migrations\\Migrator->usingConnection(NULL, Object(Closure))
#21 D:\\weblaptrinh2\\srccode\\vendor\\laravel\\framework\\src\\Illuminate\\Container\\BoundMethod.php(36): Illuminate\\Database\\Console\\Migrations\\MigrateCommand->handle()
#22 D:\\weblaptrinh2\\srccode\\vendor\\laravel\\framework\\src\\Illuminate\\Container\\Util.php(41): Illuminate\\Container\\BoundMethod::Illuminate\\Container\\{closure}()
#23 D:\\weblaptrinh2\\srccode\\vendor\\laravel\\framework\\src\\Illuminate\\Container\\BoundMethod.php(93): Illuminate\\Container\\Util::unwrapIfClosure(Object(Closure))
#24 D:\\weblaptrinh2\\srccode\\vendor\\laravel\\framework\\src\\Illuminate\\Container\\BoundMethod.php(35): Illuminate\\Container\\BoundMethod::callBoundMethod(Object(Illuminate\\Foundation\\Application), Array, Object(Closure))
#25 D:\\weblaptrinh2\\srccode\\vendor\\laravel\\framework\\src\\Illuminate\\Container\\Container.php(662): Illuminate\\Container\\BoundMethod::call(Object(Illuminate\\Foundation\\Application), Array, Array, NULL)
#26 D:\\weblaptrinh2\\srccode\\vendor\\laravel\\framework\\src\\Illuminate\\Console\\Command.php(211): Illuminate\\Container\\Container->call(Array)
#27 D:\\weblaptrinh2\\srccode\\vendor\\symfony\\console\\Command\\Command.php(326): Illuminate\\Console\\Command->execute(Object(Symfony\\Component\\Console\\Input\\ArgvInput), Object(Illuminate\\Console\\OutputStyle))
#28 D:\\weblaptrinh2\\srccode\\vendor\\laravel\\framework\\src\\Illuminate\\Console\\Command.php(180): Symfony\\Component\\Console\\Command\\Command->run(Object(Symfony\\Component\\Console\\Input\\ArgvInput), Object(Illuminate\\Console\\OutputStyle))
#29 D:\\weblaptrinh2\\srccode\\vendor\\symfony\\console\\Application.php(1096): Illuminate\\Console\\Command->run(Object(Symfony\\Component\\Console\\Input\\ArgvInput), Object(Symfony\\Component\\Console\\Output\\ConsoleOutput))
#30 D:\\weblaptrinh2\\srccode\\vendor\\symfony\\console\\Application.php(324): Symfony\\Component\\Console\\Application->doRunCommand(Object(Illuminate\\Database\\Console\\Migrations\\MigrateCommand), Object(Symfony\\Component\\Console\\Input\\ArgvInput), Object(Symfony\\Component\\Console\\Output\\ConsoleOutput))
#31 D:\\weblaptrinh2\\srccode\\vendor\\symfony\\console\\Application.php(175): Symfony\\Component\\Console\\Application->doRun(Object(Symfony\\Component\\Console\\Input\\ArgvInput), Object(Symfony\\Component\\Console\\Output\\ConsoleOutput))
#32 D:\\weblaptrinh2\\srccode\\vendor\\laravel\\framework\\src\\Illuminate\\Foundation\\Console\\Kernel.php(201): Symfony\\Component\\Console\\Application->run(Object(Symfony\\Component\\Console\\Input\\ArgvInput), Object(Symfony\\Component\\Console\\Output\\ConsoleOutput))
#33 D:\\weblaptrinh2\\srccode\\artisan(35): Illuminate\\Foundation\\Console\\Kernel->handle(Object(Symfony\\Component\\Console\\Input\\ArgvInput), Object(Symfony\\Component\\Console\\Output\\ConsoleOutput))
#34 {main}
"} 
[2025-04-03 07:43:47] local.ERROR: SQLSTATE[42S01]: Base table or view already exists: 1050 Table 'users' already exists (Connection: mysql, SQL: create table `users` (`id` bigint unsigned not null auto_increment primary key, `name` varchar(255) not null, `email` varchar(255) not null, `email_verified_at` timestamp null, `password` varchar(255) not null, `remember_token` varchar(100) null, `created_at` timestamp null, `updated_at` timestamp null) default character set utf8mb4 collate 'utf8mb4_unicode_ci') {"exception":"[object] (Illuminate\\Database\\QueryException(code: 42S01): SQLSTATE[42S01]: Base table or view already exists: 1050 Table 'users' already exists (Connection: mysql, SQL: create table `users` (`id` bigint unsigned not null auto_increment primary key, `name` varchar(255) not null, `email` varchar(255) not null, `email_verified_at` timestamp null, `password` varchar(255) not null, `remember_token` varchar(100) null, `created_at` timestamp null, `updated_at` timestamp null) default character set utf8mb4 collate 'utf8mb4_unicode_ci') at D:\\weblaptrinh2\\srccode\\vendor\\laravel\\framework\\src\\Illuminate\\Database\\Connection.php:829)
[stacktrace]
#0 D:\\weblaptrinh2\\srccode\\vendor\\laravel\\framework\\src\\Illuminate\\Database\\Connection.php(783): Illuminate\\Database\\Connection->runQueryCallback('create table `u...', Array, Object(Closure))
#1 D:\\weblaptrinh2\\srccode\\vendor\\laravel\\framework\\src\\Illuminate\\Database\\Connection.php(576): Illuminate\\Database\\Connection->run('create table `u...', Array, Object(Closure))
#2 D:\\weblaptrinh2\\srccode\\vendor\\laravel\\framework\\src\\Illuminate\\Database\\Schema\\Blueprint.php(110): Illuminate\\Database\\Connection->statement('create table `u...')
#3 D:\\weblaptrinh2\\srccode\\vendor\\laravel\\framework\\src\\Illuminate\\Database\\Schema\\Builder.php(602): Illuminate\\Database\\Schema\\Blueprint->build(Object(Illuminate\\Database\\MySqlConnection), Object(Illuminate\\Database\\Schema\\Grammars\\MySqlGrammar))
#4 D:\\weblaptrinh2\\srccode\\vendor\\laravel\\framework\\src\\Illuminate\\Database\\Schema\\Builder.php(456): Illuminate\\Database\\Schema\\Builder->build(Object(Illuminate\\Database\\Schema\\Blueprint))
#5 D:\\weblaptrinh2\\srccode\\vendor\\laravel\\framework\\src\\Illuminate\\Support\\Facades\\Facade.php(355): Illuminate\\Database\\Schema\\Builder->create('users', Object(Closure))
#6 D:\\weblaptrinh2\\srccode\\database\\migrations\\2014_10_12_000000_create_users_table.php(14): Illuminate\\Support\\Facades\\Facade::__callStatic('create', Array)
#7 D:\\weblaptrinh2\\srccode\\vendor\\laravel\\framework\\src\\Illuminate\\Database\\Migrations\\Migrator.php(501): Illuminate\\Database\\Migrations\\Migration@anonymous->up()
#8 D:\\weblaptrinh2\\srccode\\vendor\\laravel\\framework\\src\\Illuminate\\Database\\Migrations\\Migrator.php(418): Illuminate\\Database\\Migrations\\Migrator->runMethod(Object(Illuminate\\Database\\MySqlConnection), Object(Illuminate\\Database\\Migrations\\Migration@anonymous), 'up')
#9 D:\\weblaptrinh2\\srccode\\vendor\\laravel\\framework\\src\\Illuminate\\Database\\Migrations\\Migrator.php(427): Illuminate\\Database\\Migrations\\Migrator->Illuminate\\Database\\Migrations\\{closure}()
#10 D:\\weblaptrinh2\\srccode\\vendor\\laravel\\framework\\src\\Illuminate\\Database\\Migrations\\Migrator.php(224): Illuminate\\Database\\Migrations\\Migrator->runMigration(Object(Illuminate\\Database\\Migrations\\Migration@anonymous), 'up')
#11 D:\\weblaptrinh2\\srccode\\vendor\\laravel\\framework\\src\\Illuminate\\Console\\View\\Components\\Task.php(37): Illuminate\\Database\\Migrations\\Migrator->Illuminate\\Database\\Migrations\\{closure}()
#12 D:\\weblaptrinh2\\srccode\\vendor\\laravel\\framework\\src\\Illuminate\\Database\\Migrations\\Migrator.php(783): Illuminate\\Console\\View\\Components\\Task->render('2014_10_12_0000...', Object(Closure))
#13 D:\\weblaptrinh2\\srccode\\vendor\\laravel\\framework\\src\\Illuminate\\Database\\Migrations\\Migrator.php(224): Illuminate\\Database\\Migrations\\Migrator->write('Illuminate\\\\Cons...', '2014_10_12_0000...', Object(Closure))
#14 D:\\weblaptrinh2\\srccode\\vendor\\laravel\\framework\\src\\Illuminate\\Database\\Migrations\\Migrator.php(189): Illuminate\\Database\\Migrations\\Migrator->runUp('D:\\\\weblaptrinh2...', 1, false)
#15 D:\\weblaptrinh2\\srccode\\vendor\\laravel\\framework\\src\\Illuminate\\Database\\Migrations\\Migrator.php(132): Illuminate\\Database\\Migrations\\Migrator->runPending(Array, Array)
#16 D:\\weblaptrinh2\\srccode\\vendor\\laravel\\framework\\src\\Illuminate\\Database\\Console\\Migrations\\MigrateCommand.php(90): Illuminate\\Database\\Migrations\\Migrator->run(Array, Array)
#17 D:\\weblaptrinh2\\srccode\\vendor\\laravel\\framework\\src\\Illuminate\\Database\\Migrations\\Migrator.php(641): Illuminate\\Database\\Console\\Migrations\\MigrateCommand->Illuminate\\Database\\Console\\Migrations\\{closure}()
#18 D:\\weblaptrinh2\\srccode\\vendor\\laravel\\framework\\src\\Illuminate\\Database\\Console\\Migrations\\MigrateCommand.php(83): Illuminate\\Database\\Migrations\\Migrator->usingConnection(NULL, Object(Closure))
#19 D:\\weblaptrinh2\\srccode\\vendor\\laravel\\framework\\src\\Illuminate\\Container\\BoundMethod.php(36): Illuminate\\Database\\Console\\Migrations\\MigrateCommand->handle()
#20 D:\\weblaptrinh2\\srccode\\vendor\\laravel\\framework\\src\\Illuminate\\Container\\Util.php(41): Illuminate\\Container\\BoundMethod::Illuminate\\Container\\{closure}()
#21 D:\\weblaptrinh2\\srccode\\vendor\\laravel\\framework\\src\\Illuminate\\Container\\BoundMethod.php(93): Illuminate\\Container\\Util::unwrapIfClosure(Object(Closure))
#22 D:\\weblaptrinh2\\srccode\\vendor\\laravel\\framework\\src\\Illuminate\\Container\\BoundMethod.php(35): Illuminate\\Container\\BoundMethod::callBoundMethod(Object(Illuminate\\Foundation\\Application), Array, Object(Closure))
#23 D:\\weblaptrinh2\\srccode\\vendor\\laravel\\framework\\src\\Illuminate\\Container\\Container.php(662): Illuminate\\Container\\BoundMethod::call(Object(Illuminate\\Foundation\\Application), Array, Array, NULL)
#24 D:\\weblaptrinh2\\srccode\\vendor\\laravel\\framework\\src\\Illuminate\\Console\\Command.php(211): Illuminate\\Container\\Container->call(Array)
#25 D:\\weblaptrinh2\\srccode\\vendor\\symfony\\console\\Command\\Command.php(326): Illuminate\\Console\\Command->execute(Object(Symfony\\Component\\Console\\Input\\ArgvInput), Object(Illuminate\\Console\\OutputStyle))
#26 D:\\weblaptrinh2\\srccode\\vendor\\laravel\\framework\\src\\Illuminate\\Console\\Command.php(180): Symfony\\Component\\Console\\Command\\Command->run(Object(Symfony\\Component\\Console\\Input\\ArgvInput), Object(Illuminate\\Console\\OutputStyle))
#27 D:\\weblaptrinh2\\srccode\\vendor\\symfony\\console\\Application.php(1096): Illuminate\\Console\\Command->run(Object(Symfony\\Component\\Console\\Input\\ArgvInput), Object(Symfony\\Component\\Console\\Output\\ConsoleOutput))
#28 D:\\weblaptrinh2\\srccode\\vendor\\symfony\\console\\Application.php(324): Symfony\\Component\\Console\\Application->doRunCommand(Object(Illuminate\\Database\\Console\\Migrations\\MigrateCommand), Object(Symfony\\Component\\Console\\Input\\ArgvInput), Object(Symfony\\Component\\Console\\Output\\ConsoleOutput))
#29 D:\\weblaptrinh2\\srccode\\vendor\\symfony\\console\\Application.php(175): Symfony\\Component\\Console\\Application->doRun(Object(Symfony\\Component\\Console\\Input\\ArgvInput), Object(Symfony\\Component\\Console\\Output\\ConsoleOutput))
#30 D:\\weblaptrinh2\\srccode\\vendor\\laravel\\framework\\src\\Illuminate\\Foundation\\Console\\Kernel.php(201): Symfony\\Component\\Console\\Application->run(Object(Symfony\\Component\\Console\\Input\\ArgvInput), Object(Symfony\\Component\\Console\\Output\\ConsoleOutput))
#31 D:\\weblaptrinh2\\srccode\\artisan(35): Illuminate\\Foundation\\Console\\Kernel->handle(Object(Symfony\\Component\\Console\\Input\\ArgvInput), Object(Symfony\\Component\\Console\\Output\\ConsoleOutput))
#32 {main}

[previous exception] [object] (PDOException(code: 42S01): SQLSTATE[42S01]: Base table or view already exists: 1050 Table 'users' already exists at D:\\weblaptrinh2\\srccode\\vendor\\laravel\\framework\\src\\Illuminate\\Database\\Connection.php:587)
[stacktrace]
#0 D:\\weblaptrinh2\\srccode\\vendor\\laravel\\framework\\src\\Illuminate\\Database\\Connection.php(587): PDOStatement->execute()
#1 D:\\weblaptrinh2\\srccode\\vendor\\laravel\\framework\\src\\Illuminate\\Database\\Connection.php(816): Illuminate\\Database\\Connection->Illuminate\\Database\\{closure}('create table `u...', Array)
#2 D:\\weblaptrinh2\\srccode\\vendor\\laravel\\framework\\src\\Illuminate\\Database\\Connection.php(783): Illuminate\\Database\\Connection->runQueryCallback('create table `u...', Array, Object(Closure))
#3 D:\\weblaptrinh2\\srccode\\vendor\\laravel\\framework\\src\\Illuminate\\Database\\Connection.php(576): Illuminate\\Database\\Connection->run('create table `u...', Array, Object(Closure))
#4 D:\\weblaptrinh2\\srccode\\vendor\\laravel\\framework\\src\\Illuminate\\Database\\Schema\\Blueprint.php(110): Illuminate\\Database\\Connection->statement('create table `u...')
#5 D:\\weblaptrinh2\\srccode\\vendor\\laravel\\framework\\src\\Illuminate\\Database\\Schema\\Builder.php(602): Illuminate\\Database\\Schema\\Blueprint->build(Object(Illuminate\\Database\\MySqlConnection), Object(Illuminate\\Database\\Schema\\Grammars\\MySqlGrammar))
#6 D:\\weblaptrinh2\\srccode\\vendor\\laravel\\framework\\src\\Illuminate\\Database\\Schema\\Builder.php(456): Illuminate\\Database\\Schema\\Builder->build(Object(Illuminate\\Database\\Schema\\Blueprint))
#7 D:\\weblaptrinh2\\srccode\\vendor\\laravel\\framework\\src\\Illuminate\\Support\\Facades\\Facade.php(355): Illuminate\\Database\\Schema\\Builder->create('users', Object(Closure))
#8 D:\\weblaptrinh2\\srccode\\database\\migrations\\2014_10_12_000000_create_users_table.php(14): Illuminate\\Support\\Facades\\Facade::__callStatic('create', Array)
#9 D:\\weblaptrinh2\\srccode\\vendor\\laravel\\framework\\src\\Illuminate\\Database\\Migrations\\Migrator.php(501): Illuminate\\Database\\Migrations\\Migration@anonymous->up()
#10 D:\\weblaptrinh2\\srccode\\vendor\\laravel\\framework\\src\\Illuminate\\Database\\Migrations\\Migrator.php(418): Illuminate\\Database\\Migrations\\Migrator->runMethod(Object(Illuminate\\Database\\MySqlConnection), Object(Illuminate\\Database\\Migrations\\Migration@anonymous), 'up')
#11 D:\\weblaptrinh2\\srccode\\vendor\\laravel\\framework\\src\\Illuminate\\Database\\Migrations\\Migrator.php(427): Illuminate\\Database\\Migrations\\Migrator->Illuminate\\Database\\Migrations\\{closure}()
#12 D:\\weblaptrinh2\\srccode\\vendor\\laravel\\framework\\src\\Illuminate\\Database\\Migrations\\Migrator.php(224): Illuminate\\Database\\Migrations\\Migrator->runMigration(Object(Illuminate\\Database\\Migrations\\Migration@anonymous), 'up')
#13 D:\\weblaptrinh2\\srccode\\vendor\\laravel\\framework\\src\\Illuminate\\Console\\View\\Components\\Task.php(37): Illuminate\\Database\\Migrations\\Migrator->Illuminate\\Database\\Migrations\\{closure}()
#14 D:\\weblaptrinh2\\srccode\\vendor\\laravel\\framework\\src\\Illuminate\\Database\\Migrations\\Migrator.php(783): Illuminate\\Console\\View\\Components\\Task->render('2014_10_12_0000...', Object(Closure))
#15 D:\\weblaptrinh2\\srccode\\vendor\\laravel\\framework\\src\\Illuminate\\Database\\Migrations\\Migrator.php(224): Illuminate\\Database\\Migrations\\Migrator->write('Illuminate\\\\Cons...', '2014_10_12_0000...', Object(Closure))
#16 D:\\weblaptrinh2\\srccode\\vendor\\laravel\\framework\\src\\Illuminate\\Database\\Migrations\\Migrator.php(189): Illuminate\\Database\\Migrations\\Migrator->runUp('D:\\\\weblaptrinh2...', 1, false)
#17 D:\\weblaptrinh2\\srccode\\vendor\\laravel\\framework\\src\\Illuminate\\Database\\Migrations\\Migrator.php(132): Illuminate\\Database\\Migrations\\Migrator->runPending(Array, Array)
#18 D:\\weblaptrinh2\\srccode\\vendor\\laravel\\framework\\src\\Illuminate\\Database\\Console\\Migrations\\MigrateCommand.php(90): Illuminate\\Database\\Migrations\\Migrator->run(Array, Array)
#19 D:\\weblaptrinh2\\srccode\\vendor\\laravel\\framework\\src\\Illuminate\\Database\\Migrations\\Migrator.php(641): Illuminate\\Database\\Console\\Migrations\\MigrateCommand->Illuminate\\Database\\Console\\Migrations\\{closure}()
#20 D:\\weblaptrinh2\\srccode\\vendor\\laravel\\framework\\src\\Illuminate\\Database\\Console\\Migrations\\MigrateCommand.php(83): Illuminate\\Database\\Migrations\\Migrator->usingConnection(NULL, Object(Closure))
#21 D:\\weblaptrinh2\\srccode\\vendor\\laravel\\framework\\src\\Illuminate\\Container\\BoundMethod.php(36): Illuminate\\Database\\Console\\Migrations\\MigrateCommand->handle()
#22 D:\\weblaptrinh2\\srccode\\vendor\\laravel\\framework\\src\\Illuminate\\Container\\Util.php(41): Illuminate\\Container\\BoundMethod::Illuminate\\Container\\{closure}()
#23 D:\\weblaptrinh2\\srccode\\vendor\\laravel\\framework\\src\\Illuminate\\Container\\BoundMethod.php(93): Illuminate\\Container\\Util::unwrapIfClosure(Object(Closure))
#24 D:\\weblaptrinh2\\srccode\\vendor\\laravel\\framework\\src\\Illuminate\\Container\\BoundMethod.php(35): Illuminate\\Container\\BoundMethod::callBoundMethod(Object(Illuminate\\Foundation\\Application), Array, Object(Closure))
#25 D:\\weblaptrinh2\\srccode\\vendor\\laravel\\framework\\src\\Illuminate\\Container\\Container.php(662): Illuminate\\Container\\BoundMethod::call(Object(Illuminate\\Foundation\\Application), Array, Array, NULL)
#26 D:\\weblaptrinh2\\srccode\\vendor\\laravel\\framework\\src\\Illuminate\\Console\\Command.php(211): Illuminate\\Container\\Container->call(Array)
#27 D:\\weblaptrinh2\\srccode\\vendor\\symfony\\console\\Command\\Command.php(326): Illuminate\\Console\\Command->execute(Object(Symfony\\Component\\Console\\Input\\ArgvInput), Object(Illuminate\\Console\\OutputStyle))
#28 D:\\weblaptrinh2\\srccode\\vendor\\laravel\\framework\\src\\Illuminate\\Console\\Command.php(180): Symfony\\Component\\Console\\Command\\Command->run(Object(Symfony\\Component\\Console\\Input\\ArgvInput), Object(Illuminate\\Console\\OutputStyle))
#29 D:\\weblaptrinh2\\srccode\\vendor\\symfony\\console\\Application.php(1096): Illuminate\\Console\\Command->run(Object(Symfony\\Component\\Console\\Input\\ArgvInput), Object(Symfony\\Component\\Console\\Output\\ConsoleOutput))
#30 D:\\weblaptrinh2\\srccode\\vendor\\symfony\\console\\Application.php(324): Symfony\\Component\\Console\\Application->doRunCommand(Object(Illuminate\\Database\\Console\\Migrations\\MigrateCommand), Object(Symfony\\Component\\Console\\Input\\ArgvInput), Object(Symfony\\Component\\Console\\Output\\ConsoleOutput))
#31 D:\\weblaptrinh2\\srccode\\vendor\\symfony\\console\\Application.php(175): Symfony\\Component\\Console\\Application->doRun(Object(Symfony\\Component\\Console\\Input\\ArgvInput), Object(Symfony\\Component\\Console\\Output\\ConsoleOutput))
#32 D:\\weblaptrinh2\\srccode\\vendor\\laravel\\framework\\src\\Illuminate\\Foundation\\Console\\Kernel.php(201): Symfony\\Component\\Console\\Application->run(Object(Symfony\\Component\\Console\\Input\\ArgvInput), Object(Symfony\\Component\\Console\\Output\\ConsoleOutput))
#33 D:\\weblaptrinh2\\srccode\\artisan(35): Illuminate\\Foundation\\Console\\Kernel->handle(Object(Symfony\\Component\\Console\\Input\\ArgvInput), Object(Symfony\\Component\\Console\\Output\\ConsoleOutput))
#34 {main}
"} 
[2025-04-03 07:44:38] local.ERROR: SQLSTATE[42S01]: Base table or view already exists: 1050 Table 'users' already exists (Connection: mysql, SQL: create table `users` (`id` bigint unsigned not null auto_increment primary key, `name` varchar(255) not null, `email` varchar(255) not null, `email_verified_at` timestamp null, `password` varchar(255) not null, `remember_token` varchar(100) null, `created_at` timestamp null, `updated_at` timestamp null) default character set utf8mb4 collate 'utf8mb4_unicode_ci') {"exception":"[object] (Illuminate\\Database\\QueryException(code: 42S01): SQLSTATE[42S01]: Base table or view already exists: 1050 Table 'users' already exists (Connection: mysql, SQL: create table `users` (`id` bigint unsigned not null auto_increment primary key, `name` varchar(255) not null, `email` varchar(255) not null, `email_verified_at` timestamp null, `password` varchar(255) not null, `remember_token` varchar(100) null, `created_at` timestamp null, `updated_at` timestamp null) default character set utf8mb4 collate 'utf8mb4_unicode_ci') at D:\\weblaptrinh2\\srccode\\vendor\\laravel\\framework\\src\\Illuminate\\Database\\Connection.php:829)
[stacktrace]
#0 D:\\weblaptrinh2\\srccode\\vendor\\laravel\\framework\\src\\Illuminate\\Database\\Connection.php(783): Illuminate\\Database\\Connection->runQueryCallback('create table `u...', Array, Object(Closure))
#1 D:\\weblaptrinh2\\srccode\\vendor\\laravel\\framework\\src\\Illuminate\\Database\\Connection.php(576): Illuminate\\Database\\Connection->run('create table `u...', Array, Object(Closure))
#2 D:\\weblaptrinh2\\srccode\\vendor\\laravel\\framework\\src\\Illuminate\\Database\\Schema\\Blueprint.php(110): Illuminate\\Database\\Connection->statement('create table `u...')
#3 D:\\weblaptrinh2\\srccode\\vendor\\laravel\\framework\\src\\Illuminate\\Database\\Schema\\Builder.php(602): Illuminate\\Database\\Schema\\Blueprint->build(Object(Illuminate\\Database\\MySqlConnection), Object(Illuminate\\Database\\Schema\\Grammars\\MySqlGrammar))
#4 D:\\weblaptrinh2\\srccode\\vendor\\laravel\\framework\\src\\Illuminate\\Database\\Schema\\Builder.php(456): Illuminate\\Database\\Schema\\Builder->build(Object(Illuminate\\Database\\Schema\\Blueprint))
#5 D:\\weblaptrinh2\\srccode\\vendor\\laravel\\framework\\src\\Illuminate\\Support\\Facades\\Facade.php(355): Illuminate\\Database\\Schema\\Builder->create('users', Object(Closure))
#6 D:\\weblaptrinh2\\srccode\\database\\migrations\\2014_10_12_000000_create_users_table.php(14): Illuminate\\Support\\Facades\\Facade::__callStatic('create', Array)
#7 D:\\weblaptrinh2\\srccode\\vendor\\laravel\\framework\\src\\Illuminate\\Database\\Migrations\\Migrator.php(501): Illuminate\\Database\\Migrations\\Migration@anonymous->up()
#8 D:\\weblaptrinh2\\srccode\\vendor\\laravel\\framework\\src\\Illuminate\\Database\\Migrations\\Migrator.php(418): Illuminate\\Database\\Migrations\\Migrator->runMethod(Object(Illuminate\\Database\\MySqlConnection), Object(Illuminate\\Database\\Migrations\\Migration@anonymous), 'up')
#9 D:\\weblaptrinh2\\srccode\\vendor\\laravel\\framework\\src\\Illuminate\\Database\\Migrations\\Migrator.php(427): Illuminate\\Database\\Migrations\\Migrator->Illuminate\\Database\\Migrations\\{closure}()
#10 D:\\weblaptrinh2\\srccode\\vendor\\laravel\\framework\\src\\Illuminate\\Database\\Migrations\\Migrator.php(224): Illuminate\\Database\\Migrations\\Migrator->runMigration(Object(Illuminate\\Database\\Migrations\\Migration@anonymous), 'up')
#11 D:\\weblaptrinh2\\srccode\\vendor\\laravel\\framework\\src\\Illuminate\\Console\\View\\Components\\Task.php(37): Illuminate\\Database\\Migrations\\Migrator->Illuminate\\Database\\Migrations\\{closure}()
#12 D:\\weblaptrinh2\\srccode\\vendor\\laravel\\framework\\src\\Illuminate\\Database\\Migrations\\Migrator.php(783): Illuminate\\Console\\View\\Components\\Task->render('2014_10_12_0000...', Object(Closure))
#13 D:\\weblaptrinh2\\srccode\\vendor\\laravel\\framework\\src\\Illuminate\\Database\\Migrations\\Migrator.php(224): Illuminate\\Database\\Migrations\\Migrator->write('Illuminate\\\\Cons...', '2014_10_12_0000...', Object(Closure))
#14 D:\\weblaptrinh2\\srccode\\vendor\\laravel\\framework\\src\\Illuminate\\Database\\Migrations\\Migrator.php(189): Illuminate\\Database\\Migrations\\Migrator->runUp('D:\\\\weblaptrinh2...', 1, false)
#15 D:\\weblaptrinh2\\srccode\\vendor\\laravel\\framework\\src\\Illuminate\\Database\\Migrations\\Migrator.php(132): Illuminate\\Database\\Migrations\\Migrator->runPending(Array, Array)
#16 D:\\weblaptrinh2\\srccode\\vendor\\laravel\\framework\\src\\Illuminate\\Database\\Console\\Migrations\\MigrateCommand.php(90): Illuminate\\Database\\Migrations\\Migrator->run(Array, Array)
#17 D:\\weblaptrinh2\\srccode\\vendor\\laravel\\framework\\src\\Illuminate\\Database\\Migrations\\Migrator.php(641): Illuminate\\Database\\Console\\Migrations\\MigrateCommand->Illuminate\\Database\\Console\\Migrations\\{closure}()
#18 D:\\weblaptrinh2\\srccode\\vendor\\laravel\\framework\\src\\Illuminate\\Database\\Console\\Migrations\\MigrateCommand.php(83): Illuminate\\Database\\Migrations\\Migrator->usingConnection(NULL, Object(Closure))
#19 D:\\weblaptrinh2\\srccode\\vendor\\laravel\\framework\\src\\Illuminate\\Container\\BoundMethod.php(36): Illuminate\\Database\\Console\\Migrations\\MigrateCommand->handle()
#20 D:\\weblaptrinh2\\srccode\\vendor\\laravel\\framework\\src\\Illuminate\\Container\\Util.php(41): Illuminate\\Container\\BoundMethod::Illuminate\\Container\\{closure}()
#21 D:\\weblaptrinh2\\srccode\\vendor\\laravel\\framework\\src\\Illuminate\\Container\\BoundMethod.php(93): Illuminate\\Container\\Util::unwrapIfClosure(Object(Closure))
#22 D:\\weblaptrinh2\\srccode\\vendor\\laravel\\framework\\src\\Illuminate\\Container\\BoundMethod.php(35): Illuminate\\Container\\BoundMethod::callBoundMethod(Object(Illuminate\\Foundation\\Application), Array, Object(Closure))
#23 D:\\weblaptrinh2\\srccode\\vendor\\laravel\\framework\\src\\Illuminate\\Container\\Container.php(662): Illuminate\\Container\\BoundMethod::call(Object(Illuminate\\Foundation\\Application), Array, Array, NULL)
#24 D:\\weblaptrinh2\\srccode\\vendor\\laravel\\framework\\src\\Illuminate\\Console\\Command.php(211): Illuminate\\Container\\Container->call(Array)
#25 D:\\weblaptrinh2\\srccode\\vendor\\symfony\\console\\Command\\Command.php(326): Illuminate\\Console\\Command->execute(Object(Symfony\\Component\\Console\\Input\\ArgvInput), Object(Illuminate\\Console\\OutputStyle))
#26 D:\\weblaptrinh2\\srccode\\vendor\\laravel\\framework\\src\\Illuminate\\Console\\Command.php(180): Symfony\\Component\\Console\\Command\\Command->run(Object(Symfony\\Component\\Console\\Input\\ArgvInput), Object(Illuminate\\Console\\OutputStyle))
#27 D:\\weblaptrinh2\\srccode\\vendor\\symfony\\console\\Application.php(1096): Illuminate\\Console\\Command->run(Object(Symfony\\Component\\Console\\Input\\ArgvInput), Object(Symfony\\Component\\Console\\Output\\ConsoleOutput))
#28 D:\\weblaptrinh2\\srccode\\vendor\\symfony\\console\\Application.php(324): Symfony\\Component\\Console\\Application->doRunCommand(Object(Illuminate\\Database\\Console\\Migrations\\MigrateCommand), Object(Symfony\\Component\\Console\\Input\\ArgvInput), Object(Symfony\\Component\\Console\\Output\\ConsoleOutput))
#29 D:\\weblaptrinh2\\srccode\\vendor\\symfony\\console\\Application.php(175): Symfony\\Component\\Console\\Application->doRun(Object(Symfony\\Component\\Console\\Input\\ArgvInput), Object(Symfony\\Component\\Console\\Output\\ConsoleOutput))
#30 D:\\weblaptrinh2\\srccode\\vendor\\laravel\\framework\\src\\Illuminate\\Foundation\\Console\\Kernel.php(201): Symfony\\Component\\Console\\Application->run(Object(Symfony\\Component\\Console\\Input\\ArgvInput), Object(Symfony\\Component\\Console\\Output\\ConsoleOutput))
#31 D:\\weblaptrinh2\\srccode\\artisan(35): Illuminate\\Foundation\\Console\\Kernel->handle(Object(Symfony\\Component\\Console\\Input\\ArgvInput), Object(Symfony\\Component\\Console\\Output\\ConsoleOutput))
#32 {main}

[previous exception] [object] (PDOException(code: 42S01): SQLSTATE[42S01]: Base table or view already exists: 1050 Table 'users' already exists at D:\\weblaptrinh2\\srccode\\vendor\\laravel\\framework\\src\\Illuminate\\Database\\Connection.php:587)
[stacktrace]
#0 D:\\weblaptrinh2\\srccode\\vendor\\laravel\\framework\\src\\Illuminate\\Database\\Connection.php(587): PDOStatement->execute()
#1 D:\\weblaptrinh2\\srccode\\vendor\\laravel\\framework\\src\\Illuminate\\Database\\Connection.php(816): Illuminate\\Database\\Connection->Illuminate\\Database\\{closure}('create table `u...', Array)
#2 D:\\weblaptrinh2\\srccode\\vendor\\laravel\\framework\\src\\Illuminate\\Database\\Connection.php(783): Illuminate\\Database\\Connection->runQueryCallback('create table `u...', Array, Object(Closure))
#3 D:\\weblaptrinh2\\srccode\\vendor\\laravel\\framework\\src\\Illuminate\\Database\\Connection.php(576): Illuminate\\Database\\Connection->run('create table `u...', Array, Object(Closure))
#4 D:\\weblaptrinh2\\srccode\\vendor\\laravel\\framework\\src\\Illuminate\\Database\\Schema\\Blueprint.php(110): Illuminate\\Database\\Connection->statement('create table `u...')
#5 D:\\weblaptrinh2\\srccode\\vendor\\laravel\\framework\\src\\Illuminate\\Database\\Schema\\Builder.php(602): Illuminate\\Database\\Schema\\Blueprint->build(Object(Illuminate\\Database\\MySqlConnection), Object(Illuminate\\Database\\Schema\\Grammars\\MySqlGrammar))
#6 D:\\weblaptrinh2\\srccode\\vendor\\laravel\\framework\\src\\Illuminate\\Database\\Schema\\Builder.php(456): Illuminate\\Database\\Schema\\Builder->build(Object(Illuminate\\Database\\Schema\\Blueprint))
#7 D:\\weblaptrinh2\\srccode\\vendor\\laravel\\framework\\src\\Illuminate\\Support\\Facades\\Facade.php(355): Illuminate\\Database\\Schema\\Builder->create('users', Object(Closure))
#8 D:\\weblaptrinh2\\srccode\\database\\migrations\\2014_10_12_000000_create_users_table.php(14): Illuminate\\Support\\Facades\\Facade::__callStatic('create', Array)
#9 D:\\weblaptrinh2\\srccode\\vendor\\laravel\\framework\\src\\Illuminate\\Database\\Migrations\\Migrator.php(501): Illuminate\\Database\\Migrations\\Migration@anonymous->up()
#10 D:\\weblaptrinh2\\srccode\\vendor\\laravel\\framework\\src\\Illuminate\\Database\\Migrations\\Migrator.php(418): Illuminate\\Database\\Migrations\\Migrator->runMethod(Object(Illuminate\\Database\\MySqlConnection), Object(Illuminate\\Database\\Migrations\\Migration@anonymous), 'up')
#11 D:\\weblaptrinh2\\srccode\\vendor\\laravel\\framework\\src\\Illuminate\\Database\\Migrations\\Migrator.php(427): Illuminate\\Database\\Migrations\\Migrator->Illuminate\\Database\\Migrations\\{closure}()
#12 D:\\weblaptrinh2\\srccode\\vendor\\laravel\\framework\\src\\Illuminate\\Database\\Migrations\\Migrator.php(224): Illuminate\\Database\\Migrations\\Migrator->runMigration(Object(Illuminate\\Database\\Migrations\\Migration@anonymous), 'up')
#13 D:\\weblaptrinh2\\srccode\\vendor\\laravel\\framework\\src\\Illuminate\\Console\\View\\Components\\Task.php(37): Illuminate\\Database\\Migrations\\Migrator->Illuminate\\Database\\Migrations\\{closure}()
#14 D:\\weblaptrinh2\\srccode\\vendor\\laravel\\framework\\src\\Illuminate\\Database\\Migrations\\Migrator.php(783): Illuminate\\Console\\View\\Components\\Task->render('2014_10_12_0000...', Object(Closure))
#15 D:\\weblaptrinh2\\srccode\\vendor\\laravel\\framework\\src\\Illuminate\\Database\\Migrations\\Migrator.php(224): Illuminate\\Database\\Migrations\\Migrator->write('Illuminate\\\\Cons...', '2014_10_12_0000...', Object(Closure))
#16 D:\\weblaptrinh2\\srccode\\vendor\\laravel\\framework\\src\\Illuminate\\Database\\Migrations\\Migrator.php(189): Illuminate\\Database\\Migrations\\Migrator->runUp('D:\\\\weblaptrinh2...', 1, false)
#17 D:\\weblaptrinh2\\srccode\\vendor\\laravel\\framework\\src\\Illuminate\\Database\\Migrations\\Migrator.php(132): Illuminate\\Database\\Migrations\\Migrator->runPending(Array, Array)
#18 D:\\weblaptrinh2\\srccode\\vendor\\laravel\\framework\\src\\Illuminate\\Database\\Console\\Migrations\\MigrateCommand.php(90): Illuminate\\Database\\Migrations\\Migrator->run(Array, Array)
#19 D:\\weblaptrinh2\\srccode\\vendor\\laravel\\framework\\src\\Illuminate\\Database\\Migrations\\Migrator.php(641): Illuminate\\Database\\Console\\Migrations\\MigrateCommand->Illuminate\\Database\\Console\\Migrations\\{closure}()
#20 D:\\weblaptrinh2\\srccode\\vendor\\laravel\\framework\\src\\Illuminate\\Database\\Console\\Migrations\\MigrateCommand.php(83): Illuminate\\Database\\Migrations\\Migrator->usingConnection(NULL, Object(Closure))
#21 D:\\weblaptrinh2\\srccode\\vendor\\laravel\\framework\\src\\Illuminate\\Container\\BoundMethod.php(36): Illuminate\\Database\\Console\\Migrations\\MigrateCommand->handle()
#22 D:\\weblaptrinh2\\srccode\\vendor\\laravel\\framework\\src\\Illuminate\\Container\\Util.php(41): Illuminate\\Container\\BoundMethod::Illuminate\\Container\\{closure}()
#23 D:\\weblaptrinh2\\srccode\\vendor\\laravel\\framework\\src\\Illuminate\\Container\\BoundMethod.php(93): Illuminate\\Container\\Util::unwrapIfClosure(Object(Closure))
#24 D:\\weblaptrinh2\\srccode\\vendor\\laravel\\framework\\src\\Illuminate\\Container\\BoundMethod.php(35): Illuminate\\Container\\BoundMethod::callBoundMethod(Object(Illuminate\\Foundation\\Application), Array, Object(Closure))
#25 D:\\weblaptrinh2\\srccode\\vendor\\laravel\\framework\\src\\Illuminate\\Container\\Container.php(662): Illuminate\\Container\\BoundMethod::call(Object(Illuminate\\Foundation\\Application), Array, Array, NULL)
#26 D:\\weblaptrinh2\\srccode\\vendor\\laravel\\framework\\src\\Illuminate\\Console\\Command.php(211): Illuminate\\Container\\Container->call(Array)
#27 D:\\weblaptrinh2\\srccode\\vendor\\symfony\\console\\Command\\Command.php(326): Illuminate\\Console\\Command->execute(Object(Symfony\\Component\\Console\\Input\\ArgvInput), Object(Illuminate\\Console\\OutputStyle))
#28 D:\\weblaptrinh2\\srccode\\vendor\\laravel\\framework\\src\\Illuminate\\Console\\Command.php(180): Symfony\\Component\\Console\\Command\\Command->run(Object(Symfony\\Component\\Console\\Input\\ArgvInput), Object(Illuminate\\Console\\OutputStyle))
#29 D:\\weblaptrinh2\\srccode\\vendor\\symfony\\console\\Application.php(1096): Illuminate\\Console\\Command->run(Object(Symfony\\Component\\Console\\Input\\ArgvInput), Object(Symfony\\Component\\Console\\Output\\ConsoleOutput))
#30 D:\\weblaptrinh2\\srccode\\vendor\\symfony\\console\\Application.php(324): Symfony\\Component\\Console\\Application->doRunCommand(Object(Illuminate\\Database\\Console\\Migrations\\MigrateCommand), Object(Symfony\\Component\\Console\\Input\\ArgvInput), Object(Symfony\\Component\\Console\\Output\\ConsoleOutput))
#31 D:\\weblaptrinh2\\srccode\\vendor\\symfony\\console\\Application.php(175): Symfony\\Component\\Console\\Application->doRun(Object(Symfony\\Component\\Console\\Input\\ArgvInput), Object(Symfony\\Component\\Console\\Output\\ConsoleOutput))
#32 D:\\weblaptrinh2\\srccode\\vendor\\laravel\\framework\\src\\Illuminate\\Foundation\\Console\\Kernel.php(201): Symfony\\Component\\Console\\Application->run(Object(Symfony\\Component\\Console\\Input\\ArgvInput), Object(Symfony\\Component\\Console\\Output\\ConsoleOutput))
#33 D:\\weblaptrinh2\\srccode\\artisan(35): Illuminate\\Foundation\\Console\\Kernel->handle(Object(Symfony\\Component\\Console\\Input\\ArgvInput), Object(Symfony\\Component\\Console\\Output\\ConsoleOutput))
#34 {main}
"} 
[2025-04-03 07:44:43] local.ERROR: SQLSTATE[42S01]: Base table or view already exists: 1050 Table 'users' already exists (Connection: mysql, SQL: create table `users` (`id` bigint unsigned not null auto_increment primary key, `name` varchar(255) not null, `email` varchar(255) not null, `email_verified_at` timestamp null, `password` varchar(255) not null, `remember_token` varchar(100) null, `created_at` timestamp null, `updated_at` timestamp null) default character set utf8mb4 collate 'utf8mb4_unicode_ci') {"exception":"[object] (Illuminate\\Database\\QueryException(code: 42S01): SQLSTATE[42S01]: Base table or view already exists: 1050 Table 'users' already exists (Connection: mysql, SQL: create table `users` (`id` bigint unsigned not null auto_increment primary key, `name` varchar(255) not null, `email` varchar(255) not null, `email_verified_at` timestamp null, `password` varchar(255) not null, `remember_token` varchar(100) null, `created_at` timestamp null, `updated_at` timestamp null) default character set utf8mb4 collate 'utf8mb4_unicode_ci') at D:\\weblaptrinh2\\srccode\\vendor\\laravel\\framework\\src\\Illuminate\\Database\\Connection.php:829)
[stacktrace]
#0 D:\\weblaptrinh2\\srccode\\vendor\\laravel\\framework\\src\\Illuminate\\Database\\Connection.php(783): Illuminate\\Database\\Connection->runQueryCallback('create table `u...', Array, Object(Closure))
#1 D:\\weblaptrinh2\\srccode\\vendor\\laravel\\framework\\src\\Illuminate\\Database\\Connection.php(576): Illuminate\\Database\\Connection->run('create table `u...', Array, Object(Closure))
#2 D:\\weblaptrinh2\\srccode\\vendor\\laravel\\framework\\src\\Illuminate\\Database\\Schema\\Blueprint.php(110): Illuminate\\Database\\Connection->statement('create table `u...')
#3 D:\\weblaptrinh2\\srccode\\vendor\\laravel\\framework\\src\\Illuminate\\Database\\Schema\\Builder.php(602): Illuminate\\Database\\Schema\\Blueprint->build(Object(Illuminate\\Database\\MySqlConnection), Object(Illuminate\\Database\\Schema\\Grammars\\MySqlGrammar))
#4 D:\\weblaptrinh2\\srccode\\vendor\\laravel\\framework\\src\\Illuminate\\Database\\Schema\\Builder.php(456): Illuminate\\Database\\Schema\\Builder->build(Object(Illuminate\\Database\\Schema\\Blueprint))
#5 D:\\weblaptrinh2\\srccode\\vendor\\laravel\\framework\\src\\Illuminate\\Support\\Facades\\Facade.php(355): Illuminate\\Database\\Schema\\Builder->create('users', Object(Closure))
#6 D:\\weblaptrinh2\\srccode\\database\\migrations\\2014_10_12_000000_create_users_table.php(14): Illuminate\\Support\\Facades\\Facade::__callStatic('create', Array)
#7 D:\\weblaptrinh2\\srccode\\vendor\\laravel\\framework\\src\\Illuminate\\Database\\Migrations\\Migrator.php(501): Illuminate\\Database\\Migrations\\Migration@anonymous->up()
#8 D:\\weblaptrinh2\\srccode\\vendor\\laravel\\framework\\src\\Illuminate\\Database\\Migrations\\Migrator.php(418): Illuminate\\Database\\Migrations\\Migrator->runMethod(Object(Illuminate\\Database\\MySqlConnection), Object(Illuminate\\Database\\Migrations\\Migration@anonymous), 'up')
#9 D:\\weblaptrinh2\\srccode\\vendor\\laravel\\framework\\src\\Illuminate\\Database\\Migrations\\Migrator.php(427): Illuminate\\Database\\Migrations\\Migrator->Illuminate\\Database\\Migrations\\{closure}()
#10 D:\\weblaptrinh2\\srccode\\vendor\\laravel\\framework\\src\\Illuminate\\Database\\Migrations\\Migrator.php(224): Illuminate\\Database\\Migrations\\Migrator->runMigration(Object(Illuminate\\Database\\Migrations\\Migration@anonymous), 'up')
#11 D:\\weblaptrinh2\\srccode\\vendor\\laravel\\framework\\src\\Illuminate\\Console\\View\\Components\\Task.php(37): Illuminate\\Database\\Migrations\\Migrator->Illuminate\\Database\\Migrations\\{closure}()
#12 D:\\weblaptrinh2\\srccode\\vendor\\laravel\\framework\\src\\Illuminate\\Database\\Migrations\\Migrator.php(783): Illuminate\\Console\\View\\Components\\Task->render('2014_10_12_0000...', Object(Closure))
#13 D:\\weblaptrinh2\\srccode\\vendor\\laravel\\framework\\src\\Illuminate\\Database\\Migrations\\Migrator.php(224): Illuminate\\Database\\Migrations\\Migrator->write('Illuminate\\\\Cons...', '2014_10_12_0000...', Object(Closure))
#14 D:\\weblaptrinh2\\srccode\\vendor\\laravel\\framework\\src\\Illuminate\\Database\\Migrations\\Migrator.php(189): Illuminate\\Database\\Migrations\\Migrator->runUp('D:\\\\weblaptrinh2...', 1, false)
#15 D:\\weblaptrinh2\\srccode\\vendor\\laravel\\framework\\src\\Illuminate\\Database\\Migrations\\Migrator.php(132): Illuminate\\Database\\Migrations\\Migrator->runPending(Array, Array)
#16 D:\\weblaptrinh2\\srccode\\vendor\\laravel\\framework\\src\\Illuminate\\Database\\Console\\Migrations\\MigrateCommand.php(90): Illuminate\\Database\\Migrations\\Migrator->run(Array, Array)
#17 D:\\weblaptrinh2\\srccode\\vendor\\laravel\\framework\\src\\Illuminate\\Database\\Migrations\\Migrator.php(641): Illuminate\\Database\\Console\\Migrations\\MigrateCommand->Illuminate\\Database\\Console\\Migrations\\{closure}()
#18 D:\\weblaptrinh2\\srccode\\vendor\\laravel\\framework\\src\\Illuminate\\Database\\Console\\Migrations\\MigrateCommand.php(83): Illuminate\\Database\\Migrations\\Migrator->usingConnection(NULL, Object(Closure))
#19 D:\\weblaptrinh2\\srccode\\vendor\\laravel\\framework\\src\\Illuminate\\Container\\BoundMethod.php(36): Illuminate\\Database\\Console\\Migrations\\MigrateCommand->handle()
#20 D:\\weblaptrinh2\\srccode\\vendor\\laravel\\framework\\src\\Illuminate\\Container\\Util.php(41): Illuminate\\Container\\BoundMethod::Illuminate\\Container\\{closure}()
#21 D:\\weblaptrinh2\\srccode\\vendor\\laravel\\framework\\src\\Illuminate\\Container\\BoundMethod.php(93): Illuminate\\Container\\Util::unwrapIfClosure(Object(Closure))
#22 D:\\weblaptrinh2\\srccode\\vendor\\laravel\\framework\\src\\Illuminate\\Container\\BoundMethod.php(35): Illuminate\\Container\\BoundMethod::callBoundMethod(Object(Illuminate\\Foundation\\Application), Array, Object(Closure))
#23 D:\\weblaptrinh2\\srccode\\vendor\\laravel\\framework\\src\\Illuminate\\Container\\Container.php(662): Illuminate\\Container\\BoundMethod::call(Object(Illuminate\\Foundation\\Application), Array, Array, NULL)
#24 D:\\weblaptrinh2\\srccode\\vendor\\laravel\\framework\\src\\Illuminate\\Console\\Command.php(211): Illuminate\\Container\\Container->call(Array)
#25 D:\\weblaptrinh2\\srccode\\vendor\\symfony\\console\\Command\\Command.php(326): Illuminate\\Console\\Command->execute(Object(Symfony\\Component\\Console\\Input\\ArgvInput), Object(Illuminate\\Console\\OutputStyle))
#26 D:\\weblaptrinh2\\srccode\\vendor\\laravel\\framework\\src\\Illuminate\\Console\\Command.php(180): Symfony\\Component\\Console\\Command\\Command->run(Object(Symfony\\Component\\Console\\Input\\ArgvInput), Object(Illuminate\\Console\\OutputStyle))
#27 D:\\weblaptrinh2\\srccode\\vendor\\symfony\\console\\Application.php(1096): Illuminate\\Console\\Command->run(Object(Symfony\\Component\\Console\\Input\\ArgvInput), Object(Symfony\\Component\\Console\\Output\\ConsoleOutput))
#28 D:\\weblaptrinh2\\srccode\\vendor\\symfony\\console\\Application.php(324): Symfony\\Component\\Console\\Application->doRunCommand(Object(Illuminate\\Database\\Console\\Migrations\\MigrateCommand), Object(Symfony\\Component\\Console\\Input\\ArgvInput), Object(Symfony\\Component\\Console\\Output\\ConsoleOutput))
#29 D:\\weblaptrinh2\\srccode\\vendor\\symfony\\console\\Application.php(175): Symfony\\Component\\Console\\Application->doRun(Object(Symfony\\Component\\Console\\Input\\ArgvInput), Object(Symfony\\Component\\Console\\Output\\ConsoleOutput))
#30 D:\\weblaptrinh2\\srccode\\vendor\\laravel\\framework\\src\\Illuminate\\Foundation\\Console\\Kernel.php(201): Symfony\\Component\\Console\\Application->run(Object(Symfony\\Component\\Console\\Input\\ArgvInput), Object(Symfony\\Component\\Console\\Output\\ConsoleOutput))
#31 D:\\weblaptrinh2\\srccode\\artisan(35): Illuminate\\Foundation\\Console\\Kernel->handle(Object(Symfony\\Component\\Console\\Input\\ArgvInput), Object(Symfony\\Component\\Console\\Output\\ConsoleOutput))
#32 {main}

[previous exception] [object] (PDOException(code: 42S01): SQLSTATE[42S01]: Base table or view already exists: 1050 Table 'users' already exists at D:\\weblaptrinh2\\srccode\\vendor\\laravel\\framework\\src\\Illuminate\\Database\\Connection.php:587)
[stacktrace]
#0 D:\\weblaptrinh2\\srccode\\vendor\\laravel\\framework\\src\\Illuminate\\Database\\Connection.php(587): PDOStatement->execute()
#1 D:\\weblaptrinh2\\srccode\\vendor\\laravel\\framework\\src\\Illuminate\\Database\\Connection.php(816): Illuminate\\Database\\Connection->Illuminate\\Database\\{closure}('create table `u...', Array)
#2 D:\\weblaptrinh2\\srccode\\vendor\\laravel\\framework\\src\\Illuminate\\Database\\Connection.php(783): Illuminate\\Database\\Connection->runQueryCallback('create table `u...', Array, Object(Closure))
#3 D:\\weblaptrinh2\\srccode\\vendor\\laravel\\framework\\src\\Illuminate\\Database\\Connection.php(576): Illuminate\\Database\\Connection->run('create table `u...', Array, Object(Closure))
#4 D:\\weblaptrinh2\\srccode\\vendor\\laravel\\framework\\src\\Illuminate\\Database\\Schema\\Blueprint.php(110): Illuminate\\Database\\Connection->statement('create table `u...')
#5 D:\\weblaptrinh2\\srccode\\vendor\\laravel\\framework\\src\\Illuminate\\Database\\Schema\\Builder.php(602): Illuminate\\Database\\Schema\\Blueprint->build(Object(Illuminate\\Database\\MySqlConnection), Object(Illuminate\\Database\\Schema\\Grammars\\MySqlGrammar))
#6 D:\\weblaptrinh2\\srccode\\vendor\\laravel\\framework\\src\\Illuminate\\Database\\Schema\\Builder.php(456): Illuminate\\Database\\Schema\\Builder->build(Object(Illuminate\\Database\\Schema\\Blueprint))
#7 D:\\weblaptrinh2\\srccode\\vendor\\laravel\\framework\\src\\Illuminate\\Support\\Facades\\Facade.php(355): Illuminate\\Database\\Schema\\Builder->create('users', Object(Closure))
#8 D:\\weblaptrinh2\\srccode\\database\\migrations\\2014_10_12_000000_create_users_table.php(14): Illuminate\\Support\\Facades\\Facade::__callStatic('create', Array)
#9 D:\\weblaptrinh2\\srccode\\vendor\\laravel\\framework\\src\\Illuminate\\Database\\Migrations\\Migrator.php(501): Illuminate\\Database\\Migrations\\Migration@anonymous->up()
#10 D:\\weblaptrinh2\\srccode\\vendor\\laravel\\framework\\src\\Illuminate\\Database\\Migrations\\Migrator.php(418): Illuminate\\Database\\Migrations\\Migrator->runMethod(Object(Illuminate\\Database\\MySqlConnection), Object(Illuminate\\Database\\Migrations\\Migration@anonymous), 'up')
#11 D:\\weblaptrinh2\\srccode\\vendor\\laravel\\framework\\src\\Illuminate\\Database\\Migrations\\Migrator.php(427): Illuminate\\Database\\Migrations\\Migrator->Illuminate\\Database\\Migrations\\{closure}()
#12 D:\\weblaptrinh2\\srccode\\vendor\\laravel\\framework\\src\\Illuminate\\Database\\Migrations\\Migrator.php(224): Illuminate\\Database\\Migrations\\Migrator->runMigration(Object(Illuminate\\Database\\Migrations\\Migration@anonymous), 'up')
#13 D:\\weblaptrinh2\\srccode\\vendor\\laravel\\framework\\src\\Illuminate\\Console\\View\\Components\\Task.php(37): Illuminate\\Database\\Migrations\\Migrator->Illuminate\\Database\\Migrations\\{closure}()
#14 D:\\weblaptrinh2\\srccode\\vendor\\laravel\\framework\\src\\Illuminate\\Database\\Migrations\\Migrator.php(783): Illuminate\\Console\\View\\Components\\Task->render('2014_10_12_0000...', Object(Closure))
#15 D:\\weblaptrinh2\\srccode\\vendor\\laravel\\framework\\src\\Illuminate\\Database\\Migrations\\Migrator.php(224): Illuminate\\Database\\Migrations\\Migrator->write('Illuminate\\\\Cons...', '2014_10_12_0000...', Object(Closure))
#16 D:\\weblaptrinh2\\srccode\\vendor\\laravel\\framework\\src\\Illuminate\\Database\\Migrations\\Migrator.php(189): Illuminate\\Database\\Migrations\\Migrator->runUp('D:\\\\weblaptrinh2...', 1, false)
#17 D:\\weblaptrinh2\\srccode\\vendor\\laravel\\framework\\src\\Illuminate\\Database\\Migrations\\Migrator.php(132): Illuminate\\Database\\Migrations\\Migrator->runPending(Array, Array)
#18 D:\\weblaptrinh2\\srccode\\vendor\\laravel\\framework\\src\\Illuminate\\Database\\Console\\Migrations\\MigrateCommand.php(90): Illuminate\\Database\\Migrations\\Migrator->run(Array, Array)
#19 D:\\weblaptrinh2\\srccode\\vendor\\laravel\\framework\\src\\Illuminate\\Database\\Migrations\\Migrator.php(641): Illuminate\\Database\\Console\\Migrations\\MigrateCommand->Illuminate\\Database\\Console\\Migrations\\{closure}()
#20 D:\\weblaptrinh2\\srccode\\vendor\\laravel\\framework\\src\\Illuminate\\Database\\Console\\Migrations\\MigrateCommand.php(83): Illuminate\\Database\\Migrations\\Migrator->usingConnection(NULL, Object(Closure))
#21 D:\\weblaptrinh2\\srccode\\vendor\\laravel\\framework\\src\\Illuminate\\Container\\BoundMethod.php(36): Illuminate\\Database\\Console\\Migrations\\MigrateCommand->handle()
#22 D:\\weblaptrinh2\\srccode\\vendor\\laravel\\framework\\src\\Illuminate\\Container\\Util.php(41): Illuminate\\Container\\BoundMethod::Illuminate\\Container\\{closure}()
#23 D:\\weblaptrinh2\\srccode\\vendor\\laravel\\framework\\src\\Illuminate\\Container\\BoundMethod.php(93): Illuminate\\Container\\Util::unwrapIfClosure(Object(Closure))
#24 D:\\weblaptrinh2\\srccode\\vendor\\laravel\\framework\\src\\Illuminate\\Container\\BoundMethod.php(35): Illuminate\\Container\\BoundMethod::callBoundMethod(Object(Illuminate\\Foundation\\Application), Array, Object(Closure))
#25 D:\\weblaptrinh2\\srccode\\vendor\\laravel\\framework\\src\\Illuminate\\Container\\Container.php(662): Illuminate\\Container\\BoundMethod::call(Object(Illuminate\\Foundation\\Application), Array, Array, NULL)
#26 D:\\weblaptrinh2\\srccode\\vendor\\laravel\\framework\\src\\Illuminate\\Console\\Command.php(211): Illuminate\\Container\\Container->call(Array)
#27 D:\\weblaptrinh2\\srccode\\vendor\\symfony\\console\\Command\\Command.php(326): Illuminate\\Console\\Command->execute(Object(Symfony\\Component\\Console\\Input\\ArgvInput), Object(Illuminate\\Console\\OutputStyle))
#28 D:\\weblaptrinh2\\srccode\\vendor\\laravel\\framework\\src\\Illuminate\\Console\\Command.php(180): Symfony\\Component\\Console\\Command\\Command->run(Object(Symfony\\Component\\Console\\Input\\ArgvInput), Object(Illuminate\\Console\\OutputStyle))
#29 D:\\weblaptrinh2\\srccode\\vendor\\symfony\\console\\Application.php(1096): Illuminate\\Console\\Command->run(Object(Symfony\\Component\\Console\\Input\\ArgvInput), Object(Symfony\\Component\\Console\\Output\\ConsoleOutput))
#30 D:\\weblaptrinh2\\srccode\\vendor\\symfony\\console\\Application.php(324): Symfony\\Component\\Console\\Application->doRunCommand(Object(Illuminate\\Database\\Console\\Migrations\\MigrateCommand), Object(Symfony\\Component\\Console\\Input\\ArgvInput), Object(Symfony\\Component\\Console\\Output\\ConsoleOutput))
#31 D:\\weblaptrinh2\\srccode\\vendor\\symfony\\console\\Application.php(175): Symfony\\Component\\Console\\Application->doRun(Object(Symfony\\Component\\Console\\Input\\ArgvInput), Object(Symfony\\Component\\Console\\Output\\ConsoleOutput))
#32 D:\\weblaptrinh2\\srccode\\vendor\\laravel\\framework\\src\\Illuminate\\Foundation\\Console\\Kernel.php(201): Symfony\\Component\\Console\\Application->run(Object(Symfony\\Component\\Console\\Input\\ArgvInput), Object(Symfony\\Component\\Console\\Output\\ConsoleOutput))
#33 D:\\weblaptrinh2\\srccode\\artisan(35): Illuminate\\Foundation\\Console\\Kernel->handle(Object(Symfony\\Component\\Console\\Input\\ArgvInput), Object(Symfony\\Component\\Console\\Output\\ConsoleOutput))
#34 {main}
"} 
[2025-04-03 07:45:14] local.ERROR: SQLSTATE[42000]: Syntax error or access violation: 1071 Specified key was too long; max key length is 1000 bytes (Connection: mysql, SQL: alter table `users` add unique `users_email_unique`(`email`)) {"exception":"[object] (Illuminate\\Database\\QueryException(code: 42000): SQLSTATE[42000]: Syntax error or access violation: 1071 Specified key was too long; max key length is 1000 bytes (Connection: mysql, SQL: alter table `users` add unique `users_email_unique`(`email`)) at D:\\weblaptrinh2\\srccode\\vendor\\laravel\\framework\\src\\Illuminate\\Database\\Connection.php:829)
[stacktrace]
#0 D:\\weblaptrinh2\\srccode\\vendor\\laravel\\framework\\src\\Illuminate\\Database\\Connection.php(783): Illuminate\\Database\\Connection->runQueryCallback('alter table `us...', Array, Object(Closure))
#1 D:\\weblaptrinh2\\srccode\\vendor\\laravel\\framework\\src\\Illuminate\\Database\\Connection.php(576): Illuminate\\Database\\Connection->run('alter table `us...', Array, Object(Closure))
#2 D:\\weblaptrinh2\\srccode\\vendor\\laravel\\framework\\src\\Illuminate\\Database\\Schema\\Blueprint.php(110): Illuminate\\Database\\Connection->statement('alter table `us...')
#3 D:\\weblaptrinh2\\srccode\\vendor\\laravel\\framework\\src\\Illuminate\\Database\\Schema\\Builder.php(602): Illuminate\\Database\\Schema\\Blueprint->build(Object(Illuminate\\Database\\MySqlConnection), Object(Illuminate\\Database\\Schema\\Grammars\\MySqlGrammar))
#4 D:\\weblaptrinh2\\srccode\\vendor\\laravel\\framework\\src\\Illuminate\\Database\\Schema\\Builder.php(456): Illuminate\\Database\\Schema\\Builder->build(Object(Illuminate\\Database\\Schema\\Blueprint))
#5 D:\\weblaptrinh2\\srccode\\vendor\\laravel\\framework\\src\\Illuminate\\Support\\Facades\\Facade.php(355): Illuminate\\Database\\Schema\\Builder->create('users', Object(Closure))
#6 D:\\weblaptrinh2\\srccode\\database\\migrations\\2014_10_12_000000_create_users_table.php(14): Illuminate\\Support\\Facades\\Facade::__callStatic('create', Array)
#7 D:\\weblaptrinh2\\srccode\\vendor\\laravel\\framework\\src\\Illuminate\\Database\\Migrations\\Migrator.php(501): Illuminate\\Database\\Migrations\\Migration@anonymous->up()
#8 D:\\weblaptrinh2\\srccode\\vendor\\laravel\\framework\\src\\Illuminate\\Database\\Migrations\\Migrator.php(418): Illuminate\\Database\\Migrations\\Migrator->runMethod(Object(Illuminate\\Database\\MySqlConnection), Object(Illuminate\\Database\\Migrations\\Migration@anonymous), 'up')
#9 D:\\weblaptrinh2\\srccode\\vendor\\laravel\\framework\\src\\Illuminate\\Database\\Migrations\\Migrator.php(427): Illuminate\\Database\\Migrations\\Migrator->Illuminate\\Database\\Migrations\\{closure}()
#10 D:\\weblaptrinh2\\srccode\\vendor\\laravel\\framework\\src\\Illuminate\\Database\\Migrations\\Migrator.php(224): Illuminate\\Database\\Migrations\\Migrator->runMigration(Object(Illuminate\\Database\\Migrations\\Migration@anonymous), 'up')
#11 D:\\weblaptrinh2\\srccode\\vendor\\laravel\\framework\\src\\Illuminate\\Console\\View\\Components\\Task.php(37): Illuminate\\Database\\Migrations\\Migrator->Illuminate\\Database\\Migrations\\{closure}()
#12 D:\\weblaptrinh2\\srccode\\vendor\\laravel\\framework\\src\\Illuminate\\Database\\Migrations\\Migrator.php(783): Illuminate\\Console\\View\\Components\\Task->render('2014_10_12_0000...', Object(Closure))
#13 D:\\weblaptrinh2\\srccode\\vendor\\laravel\\framework\\src\\Illuminate\\Database\\Migrations\\Migrator.php(224): Illuminate\\Database\\Migrations\\Migrator->write('Illuminate\\\\Cons...', '2014_10_12_0000...', Object(Closure))
#14 D:\\weblaptrinh2\\srccode\\vendor\\laravel\\framework\\src\\Illuminate\\Database\\Migrations\\Migrator.php(189): Illuminate\\Database\\Migrations\\Migrator->runUp('D:\\\\weblaptrinh2...', 1, false)
#15 D:\\weblaptrinh2\\srccode\\vendor\\laravel\\framework\\src\\Illuminate\\Database\\Migrations\\Migrator.php(132): Illuminate\\Database\\Migrations\\Migrator->runPending(Array, Array)
#16 D:\\weblaptrinh2\\srccode\\vendor\\laravel\\framework\\src\\Illuminate\\Database\\Console\\Migrations\\MigrateCommand.php(90): Illuminate\\Database\\Migrations\\Migrator->run(Array, Array)
#17 D:\\weblaptrinh2\\srccode\\vendor\\laravel\\framework\\src\\Illuminate\\Database\\Migrations\\Migrator.php(641): Illuminate\\Database\\Console\\Migrations\\MigrateCommand->Illuminate\\Database\\Console\\Migrations\\{closure}()
#18 D:\\weblaptrinh2\\srccode\\vendor\\laravel\\framework\\src\\Illuminate\\Database\\Console\\Migrations\\MigrateCommand.php(83): Illuminate\\Database\\Migrations\\Migrator->usingConnection(NULL, Object(Closure))
#19 D:\\weblaptrinh2\\srccode\\vendor\\laravel\\framework\\src\\Illuminate\\Container\\BoundMethod.php(36): Illuminate\\Database\\Console\\Migrations\\MigrateCommand->handle()
#20 D:\\weblaptrinh2\\srccode\\vendor\\laravel\\framework\\src\\Illuminate\\Container\\Util.php(41): Illuminate\\Container\\BoundMethod::Illuminate\\Container\\{closure}()
#21 D:\\weblaptrinh2\\srccode\\vendor\\laravel\\framework\\src\\Illuminate\\Container\\BoundMethod.php(93): Illuminate\\Container\\Util::unwrapIfClosure(Object(Closure))
#22 D:\\weblaptrinh2\\srccode\\vendor\\laravel\\framework\\src\\Illuminate\\Container\\BoundMethod.php(35): Illuminate\\Container\\BoundMethod::callBoundMethod(Object(Illuminate\\Foundation\\Application), Array, Object(Closure))
#23 D:\\weblaptrinh2\\srccode\\vendor\\laravel\\framework\\src\\Illuminate\\Container\\Container.php(662): Illuminate\\Container\\BoundMethod::call(Object(Illuminate\\Foundation\\Application), Array, Array, NULL)
#24 D:\\weblaptrinh2\\srccode\\vendor\\laravel\\framework\\src\\Illuminate\\Console\\Command.php(211): Illuminate\\Container\\Container->call(Array)
#25 D:\\weblaptrinh2\\srccode\\vendor\\symfony\\console\\Command\\Command.php(326): Illuminate\\Console\\Command->execute(Object(Symfony\\Component\\Console\\Input\\ArgvInput), Object(Illuminate\\Console\\OutputStyle))
#26 D:\\weblaptrinh2\\srccode\\vendor\\laravel\\framework\\src\\Illuminate\\Console\\Command.php(180): Symfony\\Component\\Console\\Command\\Command->run(Object(Symfony\\Component\\Console\\Input\\ArgvInput), Object(Illuminate\\Console\\OutputStyle))
#27 D:\\weblaptrinh2\\srccode\\vendor\\symfony\\console\\Application.php(1096): Illuminate\\Console\\Command->run(Object(Symfony\\Component\\Console\\Input\\ArgvInput), Object(Symfony\\Component\\Console\\Output\\ConsoleOutput))
#28 D:\\weblaptrinh2\\srccode\\vendor\\symfony\\console\\Application.php(324): Symfony\\Component\\Console\\Application->doRunCommand(Object(Illuminate\\Database\\Console\\Migrations\\MigrateCommand), Object(Symfony\\Component\\Console\\Input\\ArgvInput), Object(Symfony\\Component\\Console\\Output\\ConsoleOutput))
#29 D:\\weblaptrinh2\\srccode\\vendor\\symfony\\console\\Application.php(175): Symfony\\Component\\Console\\Application->doRun(Object(Symfony\\Component\\Console\\Input\\ArgvInput), Object(Symfony\\Component\\Console\\Output\\ConsoleOutput))
#30 D:\\weblaptrinh2\\srccode\\vendor\\laravel\\framework\\src\\Illuminate\\Foundation\\Console\\Kernel.php(201): Symfony\\Component\\Console\\Application->run(Object(Symfony\\Component\\Console\\Input\\ArgvInput), Object(Symfony\\Component\\Console\\Output\\ConsoleOutput))
#31 D:\\weblaptrinh2\\srccode\\artisan(35): Illuminate\\Foundation\\Console\\Kernel->handle(Object(Symfony\\Component\\Console\\Input\\ArgvInput), Object(Symfony\\Component\\Console\\Output\\ConsoleOutput))
#32 {main}

[previous exception] [object] (PDOException(code: 42000): SQLSTATE[42000]: Syntax error or access violation: 1071 Specified key was too long; max key length is 1000 bytes at D:\\weblaptrinh2\\srccode\\vendor\\laravel\\framework\\src\\Illuminate\\Database\\Connection.php:587)
[stacktrace]
#0 D:\\weblaptrinh2\\srccode\\vendor\\laravel\\framework\\src\\Illuminate\\Database\\Connection.php(587): PDOStatement->execute()
#1 D:\\weblaptrinh2\\srccode\\vendor\\laravel\\framework\\src\\Illuminate\\Database\\Connection.php(816): Illuminate\\Database\\Connection->Illuminate\\Database\\{closure}('alter table `us...', Array)
#2 D:\\weblaptrinh2\\srccode\\vendor\\laravel\\framework\\src\\Illuminate\\Database\\Connection.php(783): Illuminate\\Database\\Connection->runQueryCallback('alter table `us...', Array, Object(Closure))
#3 D:\\weblaptrinh2\\srccode\\vendor\\laravel\\framework\\src\\Illuminate\\Database\\Connection.php(576): Illuminate\\Database\\Connection->run('alter table `us...', Array, Object(Closure))
#4 D:\\weblaptrinh2\\srccode\\vendor\\laravel\\framework\\src\\Illuminate\\Database\\Schema\\Blueprint.php(110): Illuminate\\Database\\Connection->statement('alter table `us...')
#5 D:\\weblaptrinh2\\srccode\\vendor\\laravel\\framework\\src\\Illuminate\\Database\\Schema\\Builder.php(602): Illuminate\\Database\\Schema\\Blueprint->build(Object(Illuminate\\Database\\MySqlConnection), Object(Illuminate\\Database\\Schema\\Grammars\\MySqlGrammar))
#6 D:\\weblaptrinh2\\srccode\\vendor\\laravel\\framework\\src\\Illuminate\\Database\\Schema\\Builder.php(456): Illuminate\\Database\\Schema\\Builder->build(Object(Illuminate\\Database\\Schema\\Blueprint))
#7 D:\\weblaptrinh2\\srccode\\vendor\\laravel\\framework\\src\\Illuminate\\Support\\Facades\\Facade.php(355): Illuminate\\Database\\Schema\\Builder->create('users', Object(Closure))
#8 D:\\weblaptrinh2\\srccode\\database\\migrations\\2014_10_12_000000_create_users_table.php(14): Illuminate\\Support\\Facades\\Facade::__callStatic('create', Array)
#9 D:\\weblaptrinh2\\srccode\\vendor\\laravel\\framework\\src\\Illuminate\\Database\\Migrations\\Migrator.php(501): Illuminate\\Database\\Migrations\\Migration@anonymous->up()
#10 D:\\weblaptrinh2\\srccode\\vendor\\laravel\\framework\\src\\Illuminate\\Database\\Migrations\\Migrator.php(418): Illuminate\\Database\\Migrations\\Migrator->runMethod(Object(Illuminate\\Database\\MySqlConnection), Object(Illuminate\\Database\\Migrations\\Migration@anonymous), 'up')
#11 D:\\weblaptrinh2\\srccode\\vendor\\laravel\\framework\\src\\Illuminate\\Database\\Migrations\\Migrator.php(427): Illuminate\\Database\\Migrations\\Migrator->Illuminate\\Database\\Migrations\\{closure}()
#12 D:\\weblaptrinh2\\srccode\\vendor\\laravel\\framework\\src\\Illuminate\\Database\\Migrations\\Migrator.php(224): Illuminate\\Database\\Migrations\\Migrator->runMigration(Object(Illuminate\\Database\\Migrations\\Migration@anonymous), 'up')
#13 D:\\weblaptrinh2\\srccode\\vendor\\laravel\\framework\\src\\Illuminate\\Console\\View\\Components\\Task.php(37): Illuminate\\Database\\Migrations\\Migrator->Illuminate\\Database\\Migrations\\{closure}()
#14 D:\\weblaptrinh2\\srccode\\vendor\\laravel\\framework\\src\\Illuminate\\Database\\Migrations\\Migrator.php(783): Illuminate\\Console\\View\\Components\\Task->render('2014_10_12_0000...', Object(Closure))
#15 D:\\weblaptrinh2\\srccode\\vendor\\laravel\\framework\\src\\Illuminate\\Database\\Migrations\\Migrator.php(224): Illuminate\\Database\\Migrations\\Migrator->write('Illuminate\\\\Cons...', '2014_10_12_0000...', Object(Closure))
#16 D:\\weblaptrinh2\\srccode\\vendor\\laravel\\framework\\src\\Illuminate\\Database\\Migrations\\Migrator.php(189): Illuminate\\Database\\Migrations\\Migrator->runUp('D:\\\\weblaptrinh2...', 1, false)
#17 D:\\weblaptrinh2\\srccode\\vendor\\laravel\\framework\\src\\Illuminate\\Database\\Migrations\\Migrator.php(132): Illuminate\\Database\\Migrations\\Migrator->runPending(Array, Array)
#18 D:\\weblaptrinh2\\srccode\\vendor\\laravel\\framework\\src\\Illuminate\\Database\\Console\\Migrations\\MigrateCommand.php(90): Illuminate\\Database\\Migrations\\Migrator->run(Array, Array)
#19 D:\\weblaptrinh2\\srccode\\vendor\\laravel\\framework\\src\\Illuminate\\Database\\Migrations\\Migrator.php(641): Illuminate\\Database\\Console\\Migrations\\MigrateCommand->Illuminate\\Database\\Console\\Migrations\\{closure}()
#20 D:\\weblaptrinh2\\srccode\\vendor\\laravel\\framework\\src\\Illuminate\\Database\\Console\\Migrations\\MigrateCommand.php(83): Illuminate\\Database\\Migrations\\Migrator->usingConnection(NULL, Object(Closure))
#21 D:\\weblaptrinh2\\srccode\\vendor\\laravel\\framework\\src\\Illuminate\\Container\\BoundMethod.php(36): Illuminate\\Database\\Console\\Migrations\\MigrateCommand->handle()
#22 D:\\weblaptrinh2\\srccode\\vendor\\laravel\\framework\\src\\Illuminate\\Container\\Util.php(41): Illuminate\\Container\\BoundMethod::Illuminate\\Container\\{closure}()
#23 D:\\weblaptrinh2\\srccode\\vendor\\laravel\\framework\\src\\Illuminate\\Container\\BoundMethod.php(93): Illuminate\\Container\\Util::unwrapIfClosure(Object(Closure))
#24 D:\\weblaptrinh2\\srccode\\vendor\\laravel\\framework\\src\\Illuminate\\Container\\BoundMethod.php(35): Illuminate\\Container\\BoundMethod::callBoundMethod(Object(Illuminate\\Foundation\\Application), Array, Object(Closure))
#25 D:\\weblaptrinh2\\srccode\\vendor\\laravel\\framework\\src\\Illuminate\\Container\\Container.php(662): Illuminate\\Container\\BoundMethod::call(Object(Illuminate\\Foundation\\Application), Array, Array, NULL)
#26 D:\\weblaptrinh2\\srccode\\vendor\\laravel\\framework\\src\\Illuminate\\Console\\Command.php(211): Illuminate\\Container\\Container->call(Array)
#27 D:\\weblaptrinh2\\srccode\\vendor\\symfony\\console\\Command\\Command.php(326): Illuminate\\Console\\Command->execute(Object(Symfony\\Component\\Console\\Input\\ArgvInput), Object(Illuminate\\Console\\OutputStyle))
#28 D:\\weblaptrinh2\\srccode\\vendor\\laravel\\framework\\src\\Illuminate\\Console\\Command.php(180): Symfony\\Component\\Console\\Command\\Command->run(Object(Symfony\\Component\\Console\\Input\\ArgvInput), Object(Illuminate\\Console\\OutputStyle))
#29 D:\\weblaptrinh2\\srccode\\vendor\\symfony\\console\\Application.php(1096): Illuminate\\Console\\Command->run(Object(Symfony\\Component\\Console\\Input\\ArgvInput), Object(Symfony\\Component\\Console\\Output\\ConsoleOutput))
#30 D:\\weblaptrinh2\\srccode\\vendor\\symfony\\console\\Application.php(324): Symfony\\Component\\Console\\Application->doRunCommand(Object(Illuminate\\Database\\Console\\Migrations\\MigrateCommand), Object(Symfony\\Component\\Console\\Input\\ArgvInput), Object(Symfony\\Component\\Console\\Output\\ConsoleOutput))
#31 D:\\weblaptrinh2\\srccode\\vendor\\symfony\\console\\Application.php(175): Symfony\\Component\\Console\\Application->doRun(Object(Symfony\\Component\\Console\\Input\\ArgvInput), Object(Symfony\\Component\\Console\\Output\\ConsoleOutput))
#32 D:\\weblaptrinh2\\srccode\\vendor\\laravel\\framework\\src\\Illuminate\\Foundation\\Console\\Kernel.php(201): Symfony\\Component\\Console\\Application->run(Object(Symfony\\Component\\Console\\Input\\ArgvInput), Object(Symfony\\Component\\Console\\Output\\ConsoleOutput))
#33 D:\\weblaptrinh2\\srccode\\artisan(35): Illuminate\\Foundation\\Console\\Kernel->handle(Object(Symfony\\Component\\Console\\Input\\ArgvInput), Object(Symfony\\Component\\Console\\Output\\ConsoleOutput))
#34 {main}
"} 
[2025-04-03 07:46:06] local.ERROR: SQLSTATE[42S01]: Base table or view already exists: 1050 Table 'users' already exists (Connection: mysql, SQL: create table `users` (`id` bigint unsigned not null auto_increment primary key, `name` varchar(100) not null, `email` varchar(100) not null, `email_verified_at` timestamp null, `password` varchar(255) not null, `remember_token` varchar(100) null, `created_at` timestamp null, `updated_at` timestamp null) default character set utf8mb4 collate 'utf8mb4_unicode_ci') {"exception":"[object] (Illuminate\\Database\\QueryException(code: 42S01): SQLSTATE[42S01]: Base table or view already exists: 1050 Table 'users' already exists (Connection: mysql, SQL: create table `users` (`id` bigint unsigned not null auto_increment primary key, `name` varchar(100) not null, `email` varchar(100) not null, `email_verified_at` timestamp null, `password` varchar(255) not null, `remember_token` varchar(100) null, `created_at` timestamp null, `updated_at` timestamp null) default character set utf8mb4 collate 'utf8mb4_unicode_ci') at D:\\weblaptrinh2\\srccode\\vendor\\laravel\\framework\\src\\Illuminate\\Database\\Connection.php:829)
[stacktrace]
#0 D:\\weblaptrinh2\\srccode\\vendor\\laravel\\framework\\src\\Illuminate\\Database\\Connection.php(783): Illuminate\\Database\\Connection->runQueryCallback('create table `u...', Array, Object(Closure))
#1 D:\\weblaptrinh2\\srccode\\vendor\\laravel\\framework\\src\\Illuminate\\Database\\Connection.php(576): Illuminate\\Database\\Connection->run('create table `u...', Array, Object(Closure))
#2 D:\\weblaptrinh2\\srccode\\vendor\\laravel\\framework\\src\\Illuminate\\Database\\Schema\\Blueprint.php(110): Illuminate\\Database\\Connection->statement('create table `u...')
#3 D:\\weblaptrinh2\\srccode\\vendor\\laravel\\framework\\src\\Illuminate\\Database\\Schema\\Builder.php(602): Illuminate\\Database\\Schema\\Blueprint->build(Object(Illuminate\\Database\\MySqlConnection), Object(Illuminate\\Database\\Schema\\Grammars\\MySqlGrammar))
#4 D:\\weblaptrinh2\\srccode\\vendor\\laravel\\framework\\src\\Illuminate\\Database\\Schema\\Builder.php(456): Illuminate\\Database\\Schema\\Builder->build(Object(Illuminate\\Database\\Schema\\Blueprint))
#5 D:\\weblaptrinh2\\srccode\\vendor\\laravel\\framework\\src\\Illuminate\\Support\\Facades\\Facade.php(355): Illuminate\\Database\\Schema\\Builder->create('users', Object(Closure))
#6 D:\\weblaptrinh2\\srccode\\database\\migrations\\2014_10_12_000000_create_users_table.php(14): Illuminate\\Support\\Facades\\Facade::__callStatic('create', Array)
#7 D:\\weblaptrinh2\\srccode\\vendor\\laravel\\framework\\src\\Illuminate\\Database\\Migrations\\Migrator.php(501): Illuminate\\Database\\Migrations\\Migration@anonymous->up()
#8 D:\\weblaptrinh2\\srccode\\vendor\\laravel\\framework\\src\\Illuminate\\Database\\Migrations\\Migrator.php(418): Illuminate\\Database\\Migrations\\Migrator->runMethod(Object(Illuminate\\Database\\MySqlConnection), Object(Illuminate\\Database\\Migrations\\Migration@anonymous), 'up')
#9 D:\\weblaptrinh2\\srccode\\vendor\\laravel\\framework\\src\\Illuminate\\Database\\Migrations\\Migrator.php(427): Illuminate\\Database\\Migrations\\Migrator->Illuminate\\Database\\Migrations\\{closure}()
#10 D:\\weblaptrinh2\\srccode\\vendor\\laravel\\framework\\src\\Illuminate\\Database\\Migrations\\Migrator.php(224): Illuminate\\Database\\Migrations\\Migrator->runMigration(Object(Illuminate\\Database\\Migrations\\Migration@anonymous), 'up')
#11 D:\\weblaptrinh2\\srccode\\vendor\\laravel\\framework\\src\\Illuminate\\Console\\View\\Components\\Task.php(37): Illuminate\\Database\\Migrations\\Migrator->Illuminate\\Database\\Migrations\\{closure}()
#12 D:\\weblaptrinh2\\srccode\\vendor\\laravel\\framework\\src\\Illuminate\\Database\\Migrations\\Migrator.php(783): Illuminate\\Console\\View\\Components\\Task->render('2014_10_12_0000...', Object(Closure))
#13 D:\\weblaptrinh2\\srccode\\vendor\\laravel\\framework\\src\\Illuminate\\Database\\Migrations\\Migrator.php(224): Illuminate\\Database\\Migrations\\Migrator->write('Illuminate\\\\Cons...', '2014_10_12_0000...', Object(Closure))
#14 D:\\weblaptrinh2\\srccode\\vendor\\laravel\\framework\\src\\Illuminate\\Database\\Migrations\\Migrator.php(189): Illuminate\\Database\\Migrations\\Migrator->runUp('D:\\\\weblaptrinh2...', 1, false)
#15 D:\\weblaptrinh2\\srccode\\vendor\\laravel\\framework\\src\\Illuminate\\Database\\Migrations\\Migrator.php(132): Illuminate\\Database\\Migrations\\Migrator->runPending(Array, Array)
#16 D:\\weblaptrinh2\\srccode\\vendor\\laravel\\framework\\src\\Illuminate\\Database\\Console\\Migrations\\MigrateCommand.php(90): Illuminate\\Database\\Migrations\\Migrator->run(Array, Array)
#17 D:\\weblaptrinh2\\srccode\\vendor\\laravel\\framework\\src\\Illuminate\\Database\\Migrations\\Migrator.php(641): Illuminate\\Database\\Console\\Migrations\\MigrateCommand->Illuminate\\Database\\Console\\Migrations\\{closure}()
#18 D:\\weblaptrinh2\\srccode\\vendor\\laravel\\framework\\src\\Illuminate\\Database\\Console\\Migrations\\MigrateCommand.php(83): Illuminate\\Database\\Migrations\\Migrator->usingConnection(NULL, Object(Closure))
#19 D:\\weblaptrinh2\\srccode\\vendor\\laravel\\framework\\src\\Illuminate\\Container\\BoundMethod.php(36): Illuminate\\Database\\Console\\Migrations\\MigrateCommand->handle()
#20 D:\\weblaptrinh2\\srccode\\vendor\\laravel\\framework\\src\\Illuminate\\Container\\Util.php(41): Illuminate\\Container\\BoundMethod::Illuminate\\Container\\{closure}()
#21 D:\\weblaptrinh2\\srccode\\vendor\\laravel\\framework\\src\\Illuminate\\Container\\BoundMethod.php(93): Illuminate\\Container\\Util::unwrapIfClosure(Object(Closure))
#22 D:\\weblaptrinh2\\srccode\\vendor\\laravel\\framework\\src\\Illuminate\\Container\\BoundMethod.php(35): Illuminate\\Container\\BoundMethod::callBoundMethod(Object(Illuminate\\Foundation\\Application), Array, Object(Closure))
#23 D:\\weblaptrinh2\\srccode\\vendor\\laravel\\framework\\src\\Illuminate\\Container\\Container.php(662): Illuminate\\Container\\BoundMethod::call(Object(Illuminate\\Foundation\\Application), Array, Array, NULL)
#24 D:\\weblaptrinh2\\srccode\\vendor\\laravel\\framework\\src\\Illuminate\\Console\\Command.php(211): Illuminate\\Container\\Container->call(Array)
#25 D:\\weblaptrinh2\\srccode\\vendor\\symfony\\console\\Command\\Command.php(326): Illuminate\\Console\\Command->execute(Object(Symfony\\Component\\Console\\Input\\ArgvInput), Object(Illuminate\\Console\\OutputStyle))
#26 D:\\weblaptrinh2\\srccode\\vendor\\laravel\\framework\\src\\Illuminate\\Console\\Command.php(180): Symfony\\Component\\Console\\Command\\Command->run(Object(Symfony\\Component\\Console\\Input\\ArgvInput), Object(Illuminate\\Console\\OutputStyle))
#27 D:\\weblaptrinh2\\srccode\\vendor\\symfony\\console\\Application.php(1096): Illuminate\\Console\\Command->run(Object(Symfony\\Component\\Console\\Input\\ArgvInput), Object(Symfony\\Component\\Console\\Output\\ConsoleOutput))
#28 D:\\weblaptrinh2\\srccode\\vendor\\symfony\\console\\Application.php(324): Symfony\\Component\\Console\\Application->doRunCommand(Object(Illuminate\\Database\\Console\\Migrations\\MigrateCommand), Object(Symfony\\Component\\Console\\Input\\ArgvInput), Object(Symfony\\Component\\Console\\Output\\ConsoleOutput))
#29 D:\\weblaptrinh2\\srccode\\vendor\\symfony\\console\\Application.php(175): Symfony\\Component\\Console\\Application->doRun(Object(Symfony\\Component\\Console\\Input\\ArgvInput), Object(Symfony\\Component\\Console\\Output\\ConsoleOutput))
#30 D:\\weblaptrinh2\\srccode\\vendor\\laravel\\framework\\src\\Illuminate\\Foundation\\Console\\Kernel.php(201): Symfony\\Component\\Console\\Application->run(Object(Symfony\\Component\\Console\\Input\\ArgvInput), Object(Symfony\\Component\\Console\\Output\\ConsoleOutput))
#31 D:\\weblaptrinh2\\srccode\\artisan(35): Illuminate\\Foundation\\Console\\Kernel->handle(Object(Symfony\\Component\\Console\\Input\\ArgvInput), Object(Symfony\\Component\\Console\\Output\\ConsoleOutput))
#32 {main}

[previous exception] [object] (PDOException(code: 42S01): SQLSTATE[42S01]: Base table or view already exists: 1050 Table 'users' already exists at D:\\weblaptrinh2\\srccode\\vendor\\laravel\\framework\\src\\Illuminate\\Database\\Connection.php:587)
[stacktrace]
#0 D:\\weblaptrinh2\\srccode\\vendor\\laravel\\framework\\src\\Illuminate\\Database\\Connection.php(587): PDOStatement->execute()
#1 D:\\weblaptrinh2\\srccode\\vendor\\laravel\\framework\\src\\Illuminate\\Database\\Connection.php(816): Illuminate\\Database\\Connection->Illuminate\\Database\\{closure}('create table `u...', Array)
#2 D:\\weblaptrinh2\\srccode\\vendor\\laravel\\framework\\src\\Illuminate\\Database\\Connection.php(783): Illuminate\\Database\\Connection->runQueryCallback('create table `u...', Array, Object(Closure))
#3 D:\\weblaptrinh2\\srccode\\vendor\\laravel\\framework\\src\\Illuminate\\Database\\Connection.php(576): Illuminate\\Database\\Connection->run('create table `u...', Array, Object(Closure))
#4 D:\\weblaptrinh2\\srccode\\vendor\\laravel\\framework\\src\\Illuminate\\Database\\Schema\\Blueprint.php(110): Illuminate\\Database\\Connection->statement('create table `u...')
#5 D:\\weblaptrinh2\\srccode\\vendor\\laravel\\framework\\src\\Illuminate\\Database\\Schema\\Builder.php(602): Illuminate\\Database\\Schema\\Blueprint->build(Object(Illuminate\\Database\\MySqlConnection), Object(Illuminate\\Database\\Schema\\Grammars\\MySqlGrammar))
#6 D:\\weblaptrinh2\\srccode\\vendor\\laravel\\framework\\src\\Illuminate\\Database\\Schema\\Builder.php(456): Illuminate\\Database\\Schema\\Builder->build(Object(Illuminate\\Database\\Schema\\Blueprint))
#7 D:\\weblaptrinh2\\srccode\\vendor\\laravel\\framework\\src\\Illuminate\\Support\\Facades\\Facade.php(355): Illuminate\\Database\\Schema\\Builder->create('users', Object(Closure))
#8 D:\\weblaptrinh2\\srccode\\database\\migrations\\2014_10_12_000000_create_users_table.php(14): Illuminate\\Support\\Facades\\Facade::__callStatic('create', Array)
#9 D:\\weblaptrinh2\\srccode\\vendor\\laravel\\framework\\src\\Illuminate\\Database\\Migrations\\Migrator.php(501): Illuminate\\Database\\Migrations\\Migration@anonymous->up()
#10 D:\\weblaptrinh2\\srccode\\vendor\\laravel\\framework\\src\\Illuminate\\Database\\Migrations\\Migrator.php(418): Illuminate\\Database\\Migrations\\Migrator->runMethod(Object(Illuminate\\Database\\MySqlConnection), Object(Illuminate\\Database\\Migrations\\Migration@anonymous), 'up')
#11 D:\\weblaptrinh2\\srccode\\vendor\\laravel\\framework\\src\\Illuminate\\Database\\Migrations\\Migrator.php(427): Illuminate\\Database\\Migrations\\Migrator->Illuminate\\Database\\Migrations\\{closure}()
#12 D:\\weblaptrinh2\\srccode\\vendor\\laravel\\framework\\src\\Illuminate\\Database\\Migrations\\Migrator.php(224): Illuminate\\Database\\Migrations\\Migrator->runMigration(Object(Illuminate\\Database\\Migrations\\Migration@anonymous), 'up')
#13 D:\\weblaptrinh2\\srccode\\vendor\\laravel\\framework\\src\\Illuminate\\Console\\View\\Components\\Task.php(37): Illuminate\\Database\\Migrations\\Migrator->Illuminate\\Database\\Migrations\\{closure}()
#14 D:\\weblaptrinh2\\srccode\\vendor\\laravel\\framework\\src\\Illuminate\\Database\\Migrations\\Migrator.php(783): Illuminate\\Console\\View\\Components\\Task->render('2014_10_12_0000...', Object(Closure))
#15 D:\\weblaptrinh2\\srccode\\vendor\\laravel\\framework\\src\\Illuminate\\Database\\Migrations\\Migrator.php(224): Illuminate\\Database\\Migrations\\Migrator->write('Illuminate\\\\Cons...', '2014_10_12_0000...', Object(Closure))
#16 D:\\weblaptrinh2\\srccode\\vendor\\laravel\\framework\\src\\Illuminate\\Database\\Migrations\\Migrator.php(189): Illuminate\\Database\\Migrations\\Migrator->runUp('D:\\\\weblaptrinh2...', 1, false)
#17 D:\\weblaptrinh2\\srccode\\vendor\\laravel\\framework\\src\\Illuminate\\Database\\Migrations\\Migrator.php(132): Illuminate\\Database\\Migrations\\Migrator->runPending(Array, Array)
#18 D:\\weblaptrinh2\\srccode\\vendor\\laravel\\framework\\src\\Illuminate\\Database\\Console\\Migrations\\MigrateCommand.php(90): Illuminate\\Database\\Migrations\\Migrator->run(Array, Array)
#19 D:\\weblaptrinh2\\srccode\\vendor\\laravel\\framework\\src\\Illuminate\\Database\\Migrations\\Migrator.php(641): Illuminate\\Database\\Console\\Migrations\\MigrateCommand->Illuminate\\Database\\Console\\Migrations\\{closure}()
#20 D:\\weblaptrinh2\\srccode\\vendor\\laravel\\framework\\src\\Illuminate\\Database\\Console\\Migrations\\MigrateCommand.php(83): Illuminate\\Database\\Migrations\\Migrator->usingConnection(NULL, Object(Closure))
#21 D:\\weblaptrinh2\\srccode\\vendor\\laravel\\framework\\src\\Illuminate\\Container\\BoundMethod.php(36): Illuminate\\Database\\Console\\Migrations\\MigrateCommand->handle()
#22 D:\\weblaptrinh2\\srccode\\vendor\\laravel\\framework\\src\\Illuminate\\Container\\Util.php(41): Illuminate\\Container\\BoundMethod::Illuminate\\Container\\{closure}()
#23 D:\\weblaptrinh2\\srccode\\vendor\\laravel\\framework\\src\\Illuminate\\Container\\BoundMethod.php(93): Illuminate\\Container\\Util::unwrapIfClosure(Object(Closure))
#24 D:\\weblaptrinh2\\srccode\\vendor\\laravel\\framework\\src\\Illuminate\\Container\\BoundMethod.php(35): Illuminate\\Container\\BoundMethod::callBoundMethod(Object(Illuminate\\Foundation\\Application), Array, Object(Closure))
#25 D:\\weblaptrinh2\\srccode\\vendor\\laravel\\framework\\src\\Illuminate\\Container\\Container.php(662): Illuminate\\Container\\BoundMethod::call(Object(Illuminate\\Foundation\\Application), Array, Array, NULL)
#26 D:\\weblaptrinh2\\srccode\\vendor\\laravel\\framework\\src\\Illuminate\\Console\\Command.php(211): Illuminate\\Container\\Container->call(Array)
#27 D:\\weblaptrinh2\\srccode\\vendor\\symfony\\console\\Command\\Command.php(326): Illuminate\\Console\\Command->execute(Object(Symfony\\Component\\Console\\Input\\ArgvInput), Object(Illuminate\\Console\\OutputStyle))
#28 D:\\weblaptrinh2\\srccode\\vendor\\laravel\\framework\\src\\Illuminate\\Console\\Command.php(180): Symfony\\Component\\Console\\Command\\Command->run(Object(Symfony\\Component\\Console\\Input\\ArgvInput), Object(Illuminate\\Console\\OutputStyle))
#29 D:\\weblaptrinh2\\srccode\\vendor\\symfony\\console\\Application.php(1096): Illuminate\\Console\\Command->run(Object(Symfony\\Component\\Console\\Input\\ArgvInput), Object(Symfony\\Component\\Console\\Output\\ConsoleOutput))
#30 D:\\weblaptrinh2\\srccode\\vendor\\symfony\\console\\Application.php(324): Symfony\\Component\\Console\\Application->doRunCommand(Object(Illuminate\\Database\\Console\\Migrations\\MigrateCommand), Object(Symfony\\Component\\Console\\Input\\ArgvInput), Object(Symfony\\Component\\Console\\Output\\ConsoleOutput))
#31 D:\\weblaptrinh2\\srccode\\vendor\\symfony\\console\\Application.php(175): Symfony\\Component\\Console\\Application->doRun(Object(Symfony\\Component\\Console\\Input\\ArgvInput), Object(Symfony\\Component\\Console\\Output\\ConsoleOutput))
#32 D:\\weblaptrinh2\\srccode\\vendor\\laravel\\framework\\src\\Illuminate\\Foundation\\Console\\Kernel.php(201): Symfony\\Component\\Console\\Application->run(Object(Symfony\\Component\\Console\\Input\\ArgvInput), Object(Symfony\\Component\\Console\\Output\\ConsoleOutput))
#33 D:\\weblaptrinh2\\srccode\\artisan(35): Illuminate\\Foundation\\Console\\Kernel->handle(Object(Symfony\\Component\\Console\\Input\\ArgvInput), Object(Symfony\\Component\\Console\\Output\\ConsoleOutput))
#34 {main}
"} 
[2025-04-03 07:46:23] local.ERROR: SQLSTATE[42S02]: Base table or view not found: 1146 Table 'laravel.migrations' doesn't exist (Connection: mysql, SQL: select max(`batch`) as aggregate from `migrations`) {"exception":"[object] (Illuminate\\Database\\QueryException(code: 42S02): SQLSTATE[42S02]: Base table or view not found: 1146 Table 'laravel.migrations' doesn't exist (Connection: mysql, SQL: select max(`batch`) as aggregate from `migrations`) at D:\\weblaptrinh2\\srccode\\vendor\\laravel\\framework\\src\\Illuminate\\Database\\Connection.php:829)
[stacktrace]
#0 D:\\weblaptrinh2\\srccode\\vendor\\laravel\\framework\\src\\Illuminate\\Database\\Connection.php(783): Illuminate\\Database\\Connection->runQueryCallback('select max(`bat...', Array, Object(Closure))
#1 D:\\weblaptrinh2\\srccode\\vendor\\laravel\\framework\\src\\Illuminate\\Database\\Connection.php(414): Illuminate\\Database\\Connection->run('select max(`bat...', Array, Object(Closure))
#2 D:\\weblaptrinh2\\srccode\\vendor\\laravel\\framework\\src\\Illuminate\\Database\\Query\\Builder.php(2913): Illuminate\\Database\\Connection->select('select max(`bat...', Array, false)
#3 D:\\weblaptrinh2\\srccode\\vendor\\laravel\\framework\\src\\Illuminate\\Database\\Query\\Builder.php(2902): Illuminate\\Database\\Query\\Builder->runSelect()
#4 D:\\weblaptrinh2\\srccode\\vendor\\laravel\\framework\\src\\Illuminate\\Database\\Query\\Builder.php(3456): Illuminate\\Database\\Query\\Builder->Illuminate\\Database\\Query\\{closure}()
#5 D:\\weblaptrinh2\\srccode\\vendor\\laravel\\framework\\src\\Illuminate\\Database\\Query\\Builder.php(2901): Illuminate\\Database\\Query\\Builder->onceWithColumns(Array, Object(Closure))
#6 D:\\weblaptrinh2\\srccode\\vendor\\laravel\\framework\\src\\Illuminate\\Database\\Query\\Builder.php(3383): Illuminate\\Database\\Query\\Builder->get(Array)
#7 D:\\weblaptrinh2\\srccode\\vendor\\laravel\\framework\\src\\Illuminate\\Database\\Query\\Builder.php(3333): Illuminate\\Database\\Query\\Builder->aggregate('max', Array)
#8 D:\\weblaptrinh2\\srccode\\vendor\\laravel\\framework\\src\\Illuminate\\Database\\Migrations\\DatabaseMigrationRepository.php(153): Illuminate\\Database\\Query\\Builder->max('batch')
#9 D:\\weblaptrinh2\\srccode\\vendor\\laravel\\framework\\src\\Illuminate\\Database\\Migrations\\DatabaseMigrationRepository.php(93): Illuminate\\Database\\Migrations\\DatabaseMigrationRepository->getLastBatchNumber()
#10 D:\\weblaptrinh2\\srccode\\vendor\\laravel\\framework\\src\\Illuminate\\Database\\Migrations\\Migrator.php(277): Illuminate\\Database\\Migrations\\DatabaseMigrationRepository->getLast()
#11 D:\\weblaptrinh2\\srccode\\vendor\\laravel\\framework\\src\\Illuminate\\Database\\Migrations\\Migrator.php(244): Illuminate\\Database\\Migrations\\Migrator->getMigrationsForRollback(Array)
#12 D:\\weblaptrinh2\\srccode\\vendor\\laravel\\framework\\src\\Illuminate\\Database\\Console\\Migrations\\RollbackCommand.php(59): Illuminate\\Database\\Migrations\\Migrator->rollback(Array, Array)
#13 D:\\weblaptrinh2\\srccode\\vendor\\laravel\\framework\\src\\Illuminate\\Database\\Migrations\\Migrator.php(641): Illuminate\\Database\\Console\\Migrations\\RollbackCommand->Illuminate\\Database\\Console\\Migrations\\{closure}()
#14 D:\\weblaptrinh2\\srccode\\vendor\\laravel\\framework\\src\\Illuminate\\Database\\Console\\Migrations\\RollbackCommand.php(58): Illuminate\\Database\\Migrations\\Migrator->usingConnection(NULL, Object(Closure))
#15 D:\\weblaptrinh2\\srccode\\vendor\\laravel\\framework\\src\\Illuminate\\Container\\BoundMethod.php(36): Illuminate\\Database\\Console\\Migrations\\RollbackCommand->handle()
#16 D:\\weblaptrinh2\\srccode\\vendor\\laravel\\framework\\src\\Illuminate\\Container\\Util.php(41): Illuminate\\Container\\BoundMethod::Illuminate\\Container\\{closure}()
#17 D:\\weblaptrinh2\\srccode\\vendor\\laravel\\framework\\src\\Illuminate\\Container\\BoundMethod.php(93): Illuminate\\Container\\Util::unwrapIfClosure(Object(Closure))
#18 D:\\weblaptrinh2\\srccode\\vendor\\laravel\\framework\\src\\Illuminate\\Container\\BoundMethod.php(35): Illuminate\\Container\\BoundMethod::callBoundMethod(Object(Illuminate\\Foundation\\Application), Array, Object(Closure))
#19 D:\\weblaptrinh2\\srccode\\vendor\\laravel\\framework\\src\\Illuminate\\Container\\Container.php(662): Illuminate\\Container\\BoundMethod::call(Object(Illuminate\\Foundation\\Application), Array, Array, NULL)
#20 D:\\weblaptrinh2\\srccode\\vendor\\laravel\\framework\\src\\Illuminate\\Console\\Command.php(211): Illuminate\\Container\\Container->call(Array)
#21 D:\\weblaptrinh2\\srccode\\vendor\\symfony\\console\\Command\\Command.php(326): Illuminate\\Console\\Command->execute(Object(Symfony\\Component\\Console\\Input\\ArgvInput), Object(Illuminate\\Console\\OutputStyle))
#22 D:\\weblaptrinh2\\srccode\\vendor\\laravel\\framework\\src\\Illuminate\\Console\\Command.php(180): Symfony\\Component\\Console\\Command\\Command->run(Object(Symfony\\Component\\Console\\Input\\ArgvInput), Object(Illuminate\\Console\\OutputStyle))
#23 D:\\weblaptrinh2\\srccode\\vendor\\symfony\\console\\Application.php(1096): Illuminate\\Console\\Command->run(Object(Symfony\\Component\\Console\\Input\\ArgvInput), Object(Symfony\\Component\\Console\\Output\\ConsoleOutput))
#24 D:\\weblaptrinh2\\srccode\\vendor\\symfony\\console\\Application.php(324): Symfony\\Component\\Console\\Application->doRunCommand(Object(Illuminate\\Database\\Console\\Migrations\\RollbackCommand), Object(Symfony\\Component\\Console\\Input\\ArgvInput), Object(Symfony\\Component\\Console\\Output\\ConsoleOutput))
#25 D:\\weblaptrinh2\\srccode\\vendor\\symfony\\console\\Application.php(175): Symfony\\Component\\Console\\Application->doRun(Object(Symfony\\Component\\Console\\Input\\ArgvInput), Object(Symfony\\Component\\Console\\Output\\ConsoleOutput))
#26 D:\\weblaptrinh2\\srccode\\vendor\\laravel\\framework\\src\\Illuminate\\Foundation\\Console\\Kernel.php(201): Symfony\\Component\\Console\\Application->run(Object(Symfony\\Component\\Console\\Input\\ArgvInput), Object(Symfony\\Component\\Console\\Output\\ConsoleOutput))
#27 D:\\weblaptrinh2\\srccode\\artisan(35): Illuminate\\Foundation\\Console\\Kernel->handle(Object(Symfony\\Component\\Console\\Input\\ArgvInput), Object(Symfony\\Component\\Console\\Output\\ConsoleOutput))
#28 {main}

[previous exception] [object] (PDOException(code: 42S02): SQLSTATE[42S02]: Base table or view not found: 1146 Table 'laravel.migrations' doesn't exist at D:\\weblaptrinh2\\srccode\\vendor\\laravel\\framework\\src\\Illuminate\\Database\\Connection.php:423)
[stacktrace]
#0 D:\\weblaptrinh2\\srccode\\vendor\\laravel\\framework\\src\\Illuminate\\Database\\Connection.php(423): PDO->prepare('select max(`bat...')
#1 D:\\weblaptrinh2\\srccode\\vendor\\laravel\\framework\\src\\Illuminate\\Database\\Connection.php(816): Illuminate\\Database\\Connection->Illuminate\\Database\\{closure}('select max(`bat...', Array)
#2 D:\\weblaptrinh2\\srccode\\vendor\\laravel\\framework\\src\\Illuminate\\Database\\Connection.php(783): Illuminate\\Database\\Connection->runQueryCallback('select max(`bat...', Array, Object(Closure))
#3 D:\\weblaptrinh2\\srccode\\vendor\\laravel\\framework\\src\\Illuminate\\Database\\Connection.php(414): Illuminate\\Database\\Connection->run('select max(`bat...', Array, Object(Closure))
#4 D:\\weblaptrinh2\\srccode\\vendor\\laravel\\framework\\src\\Illuminate\\Database\\Query\\Builder.php(2913): Illuminate\\Database\\Connection->select('select max(`bat...', Array, false)
#5 D:\\weblaptrinh2\\srccode\\vendor\\laravel\\framework\\src\\Illuminate\\Database\\Query\\Builder.php(2902): Illuminate\\Database\\Query\\Builder->runSelect()
#6 D:\\weblaptrinh2\\srccode\\vendor\\laravel\\framework\\src\\Illuminate\\Database\\Query\\Builder.php(3456): Illuminate\\Database\\Query\\Builder->Illuminate\\Database\\Query\\{closure}()
#7 D:\\weblaptrinh2\\srccode\\vendor\\laravel\\framework\\src\\Illuminate\\Database\\Query\\Builder.php(2901): Illuminate\\Database\\Query\\Builder->onceWithColumns(Array, Object(Closure))
#8 D:\\weblaptrinh2\\srccode\\vendor\\laravel\\framework\\src\\Illuminate\\Database\\Query\\Builder.php(3383): Illuminate\\Database\\Query\\Builder->get(Array)
#9 D:\\weblaptrinh2\\srccode\\vendor\\laravel\\framework\\src\\Illuminate\\Database\\Query\\Builder.php(3333): Illuminate\\Database\\Query\\Builder->aggregate('max', Array)
#10 D:\\weblaptrinh2\\srccode\\vendor\\laravel\\framework\\src\\Illuminate\\Database\\Migrations\\DatabaseMigrationRepository.php(153): Illuminate\\Database\\Query\\Builder->max('batch')
#11 D:\\weblaptrinh2\\srccode\\vendor\\laravel\\framework\\src\\Illuminate\\Database\\Migrations\\DatabaseMigrationRepository.php(93): Illuminate\\Database\\Migrations\\DatabaseMigrationRepository->getLastBatchNumber()
#12 D:\\weblaptrinh2\\srccode\\vendor\\laravel\\framework\\src\\Illuminate\\Database\\Migrations\\Migrator.php(277): Illuminate\\Database\\Migrations\\DatabaseMigrationRepository->getLast()
#13 D:\\weblaptrinh2\\srccode\\vendor\\laravel\\framework\\src\\Illuminate\\Database\\Migrations\\Migrator.php(244): Illuminate\\Database\\Migrations\\Migrator->getMigrationsForRollback(Array)
#14 D:\\weblaptrinh2\\srccode\\vendor\\laravel\\framework\\src\\Illuminate\\Database\\Console\\Migrations\\RollbackCommand.php(59): Illuminate\\Database\\Migrations\\Migrator->rollback(Array, Array)
#15 D:\\weblaptrinh2\\srccode\\vendor\\laravel\\framework\\src\\Illuminate\\Database\\Migrations\\Migrator.php(641): Illuminate\\Database\\Console\\Migrations\\RollbackCommand->Illuminate\\Database\\Console\\Migrations\\{closure}()
#16 D:\\weblaptrinh2\\srccode\\vendor\\laravel\\framework\\src\\Illuminate\\Database\\Console\\Migrations\\RollbackCommand.php(58): Illuminate\\Database\\Migrations\\Migrator->usingConnection(NULL, Object(Closure))
#17 D:\\weblaptrinh2\\srccode\\vendor\\laravel\\framework\\src\\Illuminate\\Container\\BoundMethod.php(36): Illuminate\\Database\\Console\\Migrations\\RollbackCommand->handle()
#18 D:\\weblaptrinh2\\srccode\\vendor\\laravel\\framework\\src\\Illuminate\\Container\\Util.php(41): Illuminate\\Container\\BoundMethod::Illuminate\\Container\\{closure}()
#19 D:\\weblaptrinh2\\srccode\\vendor\\laravel\\framework\\src\\Illuminate\\Container\\BoundMethod.php(93): Illuminate\\Container\\Util::unwrapIfClosure(Object(Closure))
#20 D:\\weblaptrinh2\\srccode\\vendor\\laravel\\framework\\src\\Illuminate\\Container\\BoundMethod.php(35): Illuminate\\Container\\BoundMethod::callBoundMethod(Object(Illuminate\\Foundation\\Application), Array, Object(Closure))
#21 D:\\weblaptrinh2\\srccode\\vendor\\laravel\\framework\\src\\Illuminate\\Container\\Container.php(662): Illuminate\\Container\\BoundMethod::call(Object(Illuminate\\Foundation\\Application), Array, Array, NULL)
#22 D:\\weblaptrinh2\\srccode\\vendor\\laravel\\framework\\src\\Illuminate\\Console\\Command.php(211): Illuminate\\Container\\Container->call(Array)
#23 D:\\weblaptrinh2\\srccode\\vendor\\symfony\\console\\Command\\Command.php(326): Illuminate\\Console\\Command->execute(Object(Symfony\\Component\\Console\\Input\\ArgvInput), Object(Illuminate\\Console\\OutputStyle))
#24 D:\\weblaptrinh2\\srccode\\vendor\\laravel\\framework\\src\\Illuminate\\Console\\Command.php(180): Symfony\\Component\\Console\\Command\\Command->run(Object(Symfony\\Component\\Console\\Input\\ArgvInput), Object(Illuminate\\Console\\OutputStyle))
#25 D:\\weblaptrinh2\\srccode\\vendor\\symfony\\console\\Application.php(1096): Illuminate\\Console\\Command->run(Object(Symfony\\Component\\Console\\Input\\ArgvInput), Object(Symfony\\Component\\Console\\Output\\ConsoleOutput))
#26 D:\\weblaptrinh2\\srccode\\vendor\\symfony\\console\\Application.php(324): Symfony\\Component\\Console\\Application->doRunCommand(Object(Illuminate\\Database\\Console\\Migrations\\RollbackCommand), Object(Symfony\\Component\\Console\\Input\\ArgvInput), Object(Symfony\\Component\\Console\\Output\\ConsoleOutput))
#27 D:\\weblaptrinh2\\srccode\\vendor\\symfony\\console\\Application.php(175): Symfony\\Component\\Console\\Application->doRun(Object(Symfony\\Component\\Console\\Input\\ArgvInput), Object(Symfony\\Component\\Console\\Output\\ConsoleOutput))
#28 D:\\weblaptrinh2\\srccode\\vendor\\laravel\\framework\\src\\Illuminate\\Foundation\\Console\\Kernel.php(201): Symfony\\Component\\Console\\Application->run(Object(Symfony\\Component\\Console\\Input\\ArgvInput), Object(Symfony\\Component\\Console\\Output\\ConsoleOutput))
#29 D:\\weblaptrinh2\\srccode\\artisan(35): Illuminate\\Foundation\\Console\\Kernel->handle(Object(Symfony\\Component\\Console\\Input\\ArgvInput), Object(Symfony\\Component\\Console\\Output\\ConsoleOutput))
#30 {main}
"} 
[2025-04-03 07:46:32] local.ERROR: SQLSTATE[42000]: Syntax error or access violation: 1071 Specified key was too long; max key length is 1000 bytes (Connection: mysql, SQL: create table `password_reset_tokens` (`email` varchar(255) not null, `token` varchar(255) not null, `created_at` timestamp null, primary key (`email`)) default character set utf8mb4 collate 'utf8mb4_unicode_ci') {"exception":"[object] (Illuminate\\Database\\QueryException(code: 42000): SQLSTATE[42000]: Syntax error or access violation: 1071 Specified key was too long; max key length is 1000 bytes (Connection: mysql, SQL: create table `password_reset_tokens` (`email` varchar(255) not null, `token` varchar(255) not null, `created_at` timestamp null, primary key (`email`)) default character set utf8mb4 collate 'utf8mb4_unicode_ci') at D:\\weblaptrinh2\\srccode\\vendor\\laravel\\framework\\src\\Illuminate\\Database\\Connection.php:829)
[stacktrace]
#0 D:\\weblaptrinh2\\srccode\\vendor\\laravel\\framework\\src\\Illuminate\\Database\\Connection.php(783): Illuminate\\Database\\Connection->runQueryCallback('create table `p...', Array, Object(Closure))
#1 D:\\weblaptrinh2\\srccode\\vendor\\laravel\\framework\\src\\Illuminate\\Database\\Connection.php(576): Illuminate\\Database\\Connection->run('create table `p...', Array, Object(Closure))
#2 D:\\weblaptrinh2\\srccode\\vendor\\laravel\\framework\\src\\Illuminate\\Database\\Schema\\Blueprint.php(110): Illuminate\\Database\\Connection->statement('create table `p...')
#3 D:\\weblaptrinh2\\srccode\\vendor\\laravel\\framework\\src\\Illuminate\\Database\\Schema\\Builder.php(602): Illuminate\\Database\\Schema\\Blueprint->build(Object(Illuminate\\Database\\MySqlConnection), Object(Illuminate\\Database\\Schema\\Grammars\\MySqlGrammar))
#4 D:\\weblaptrinh2\\srccode\\vendor\\laravel\\framework\\src\\Illuminate\\Database\\Schema\\Builder.php(456): Illuminate\\Database\\Schema\\Builder->build(Object(Illuminate\\Database\\Schema\\Blueprint))
#5 D:\\weblaptrinh2\\srccode\\vendor\\laravel\\framework\\src\\Illuminate\\Support\\Facades\\Facade.php(355): Illuminate\\Database\\Schema\\Builder->create('password_reset_...', Object(Closure))
#6 D:\\weblaptrinh2\\srccode\\database\\migrations\\2014_10_12_100000_create_password_reset_tokens_table.php(14): Illuminate\\Support\\Facades\\Facade::__callStatic('create', Array)
#7 D:\\weblaptrinh2\\srccode\\vendor\\laravel\\framework\\src\\Illuminate\\Database\\Migrations\\Migrator.php(501): Illuminate\\Database\\Migrations\\Migration@anonymous->up()
#8 D:\\weblaptrinh2\\srccode\\vendor\\laravel\\framework\\src\\Illuminate\\Database\\Migrations\\Migrator.php(418): Illuminate\\Database\\Migrations\\Migrator->runMethod(Object(Illuminate\\Database\\MySqlConnection), Object(Illuminate\\Database\\Migrations\\Migration@anonymous), 'up')
#9 D:\\weblaptrinh2\\srccode\\vendor\\laravel\\framework\\src\\Illuminate\\Database\\Migrations\\Migrator.php(427): Illuminate\\Database\\Migrations\\Migrator->Illuminate\\Database\\Migrations\\{closure}()
#10 D:\\weblaptrinh2\\srccode\\vendor\\laravel\\framework\\src\\Illuminate\\Database\\Migrations\\Migrator.php(224): Illuminate\\Database\\Migrations\\Migrator->runMigration(Object(Illuminate\\Database\\Migrations\\Migration@anonymous), 'up')
#11 D:\\weblaptrinh2\\srccode\\vendor\\laravel\\framework\\src\\Illuminate\\Console\\View\\Components\\Task.php(37): Illuminate\\Database\\Migrations\\Migrator->Illuminate\\Database\\Migrations\\{closure}()
#12 D:\\weblaptrinh2\\srccode\\vendor\\laravel\\framework\\src\\Illuminate\\Database\\Migrations\\Migrator.php(783): Illuminate\\Console\\View\\Components\\Task->render('2014_10_12_1000...', Object(Closure))
#13 D:\\weblaptrinh2\\srccode\\vendor\\laravel\\framework\\src\\Illuminate\\Database\\Migrations\\Migrator.php(224): Illuminate\\Database\\Migrations\\Migrator->write('Illuminate\\\\Cons...', '2014_10_12_1000...', Object(Closure))
#14 D:\\weblaptrinh2\\srccode\\vendor\\laravel\\framework\\src\\Illuminate\\Database\\Migrations\\Migrator.php(189): Illuminate\\Database\\Migrations\\Migrator->runUp('D:\\\\weblaptrinh2...', 1, false)
#15 D:\\weblaptrinh2\\srccode\\vendor\\laravel\\framework\\src\\Illuminate\\Database\\Migrations\\Migrator.php(132): Illuminate\\Database\\Migrations\\Migrator->runPending(Array, Array)
#16 D:\\weblaptrinh2\\srccode\\vendor\\laravel\\framework\\src\\Illuminate\\Database\\Console\\Migrations\\MigrateCommand.php(90): Illuminate\\Database\\Migrations\\Migrator->run(Array, Array)
#17 D:\\weblaptrinh2\\srccode\\vendor\\laravel\\framework\\src\\Illuminate\\Database\\Migrations\\Migrator.php(641): Illuminate\\Database\\Console\\Migrations\\MigrateCommand->Illuminate\\Database\\Console\\Migrations\\{closure}()
#18 D:\\weblaptrinh2\\srccode\\vendor\\laravel\\framework\\src\\Illuminate\\Database\\Console\\Migrations\\MigrateCommand.php(83): Illuminate\\Database\\Migrations\\Migrator->usingConnection(NULL, Object(Closure))
#19 D:\\weblaptrinh2\\srccode\\vendor\\laravel\\framework\\src\\Illuminate\\Container\\BoundMethod.php(36): Illuminate\\Database\\Console\\Migrations\\MigrateCommand->handle()
#20 D:\\weblaptrinh2\\srccode\\vendor\\laravel\\framework\\src\\Illuminate\\Container\\Util.php(41): Illuminate\\Container\\BoundMethod::Illuminate\\Container\\{closure}()
#21 D:\\weblaptrinh2\\srccode\\vendor\\laravel\\framework\\src\\Illuminate\\Container\\BoundMethod.php(93): Illuminate\\Container\\Util::unwrapIfClosure(Object(Closure))
#22 D:\\weblaptrinh2\\srccode\\vendor\\laravel\\framework\\src\\Illuminate\\Container\\BoundMethod.php(35): Illuminate\\Container\\BoundMethod::callBoundMethod(Object(Illuminate\\Foundation\\Application), Array, Object(Closure))
#23 D:\\weblaptrinh2\\srccode\\vendor\\laravel\\framework\\src\\Illuminate\\Container\\Container.php(662): Illuminate\\Container\\BoundMethod::call(Object(Illuminate\\Foundation\\Application), Array, Array, NULL)
#24 D:\\weblaptrinh2\\srccode\\vendor\\laravel\\framework\\src\\Illuminate\\Console\\Command.php(211): Illuminate\\Container\\Container->call(Array)
#25 D:\\weblaptrinh2\\srccode\\vendor\\symfony\\console\\Command\\Command.php(326): Illuminate\\Console\\Command->execute(Object(Symfony\\Component\\Console\\Input\\ArgvInput), Object(Illuminate\\Console\\OutputStyle))
#26 D:\\weblaptrinh2\\srccode\\vendor\\laravel\\framework\\src\\Illuminate\\Console\\Command.php(180): Symfony\\Component\\Console\\Command\\Command->run(Object(Symfony\\Component\\Console\\Input\\ArgvInput), Object(Illuminate\\Console\\OutputStyle))
#27 D:\\weblaptrinh2\\srccode\\vendor\\symfony\\console\\Application.php(1096): Illuminate\\Console\\Command->run(Object(Symfony\\Component\\Console\\Input\\ArgvInput), Object(Symfony\\Component\\Console\\Output\\ConsoleOutput))
#28 D:\\weblaptrinh2\\srccode\\vendor\\symfony\\console\\Application.php(324): Symfony\\Component\\Console\\Application->doRunCommand(Object(Illuminate\\Database\\Console\\Migrations\\MigrateCommand), Object(Symfony\\Component\\Console\\Input\\ArgvInput), Object(Symfony\\Component\\Console\\Output\\ConsoleOutput))
#29 D:\\weblaptrinh2\\srccode\\vendor\\symfony\\console\\Application.php(175): Symfony\\Component\\Console\\Application->doRun(Object(Symfony\\Component\\Console\\Input\\ArgvInput), Object(Symfony\\Component\\Console\\Output\\ConsoleOutput))
#30 D:\\weblaptrinh2\\srccode\\vendor\\laravel\\framework\\src\\Illuminate\\Foundation\\Console\\Kernel.php(201): Symfony\\Component\\Console\\Application->run(Object(Symfony\\Component\\Console\\Input\\ArgvInput), Object(Symfony\\Component\\Console\\Output\\ConsoleOutput))
#31 D:\\weblaptrinh2\\srccode\\artisan(35): Illuminate\\Foundation\\Console\\Kernel->handle(Object(Symfony\\Component\\Console\\Input\\ArgvInput), Object(Symfony\\Component\\Console\\Output\\ConsoleOutput))
#32 {main}

[previous exception] [object] (PDOException(code: 42000): SQLSTATE[42000]: Syntax error or access violation: 1071 Specified key was too long; max key length is 1000 bytes at D:\\weblaptrinh2\\srccode\\vendor\\laravel\\framework\\src\\Illuminate\\Database\\Connection.php:587)
[stacktrace]
#0 D:\\weblaptrinh2\\srccode\\vendor\\laravel\\framework\\src\\Illuminate\\Database\\Connection.php(587): PDOStatement->execute()
#1 D:\\weblaptrinh2\\srccode\\vendor\\laravel\\framework\\src\\Illuminate\\Database\\Connection.php(816): Illuminate\\Database\\Connection->Illuminate\\Database\\{closure}('create table `p...', Array)
#2 D:\\weblaptrinh2\\srccode\\vendor\\laravel\\framework\\src\\Illuminate\\Database\\Connection.php(783): Illuminate\\Database\\Connection->runQueryCallback('create table `p...', Array, Object(Closure))
#3 D:\\weblaptrinh2\\srccode\\vendor\\laravel\\framework\\src\\Illuminate\\Database\\Connection.php(576): Illuminate\\Database\\Connection->run('create table `p...', Array, Object(Closure))
#4 D:\\weblaptrinh2\\srccode\\vendor\\laravel\\framework\\src\\Illuminate\\Database\\Schema\\Blueprint.php(110): Illuminate\\Database\\Connection->statement('create table `p...')
#5 D:\\weblaptrinh2\\srccode\\vendor\\laravel\\framework\\src\\Illuminate\\Database\\Schema\\Builder.php(602): Illuminate\\Database\\Schema\\Blueprint->build(Object(Illuminate\\Database\\MySqlConnection), Object(Illuminate\\Database\\Schema\\Grammars\\MySqlGrammar))
#6 D:\\weblaptrinh2\\srccode\\vendor\\laravel\\framework\\src\\Illuminate\\Database\\Schema\\Builder.php(456): Illuminate\\Database\\Schema\\Builder->build(Object(Illuminate\\Database\\Schema\\Blueprint))
#7 D:\\weblaptrinh2\\srccode\\vendor\\laravel\\framework\\src\\Illuminate\\Support\\Facades\\Facade.php(355): Illuminate\\Database\\Schema\\Builder->create('password_reset_...', Object(Closure))
#8 D:\\weblaptrinh2\\srccode\\database\\migrations\\2014_10_12_100000_create_password_reset_tokens_table.php(14): Illuminate\\Support\\Facades\\Facade::__callStatic('create', Array)
#9 D:\\weblaptrinh2\\srccode\\vendor\\laravel\\framework\\src\\Illuminate\\Database\\Migrations\\Migrator.php(501): Illuminate\\Database\\Migrations\\Migration@anonymous->up()
#10 D:\\weblaptrinh2\\srccode\\vendor\\laravel\\framework\\src\\Illuminate\\Database\\Migrations\\Migrator.php(418): Illuminate\\Database\\Migrations\\Migrator->runMethod(Object(Illuminate\\Database\\MySqlConnection), Object(Illuminate\\Database\\Migrations\\Migration@anonymous), 'up')
#11 D:\\weblaptrinh2\\srccode\\vendor\\laravel\\framework\\src\\Illuminate\\Database\\Migrations\\Migrator.php(427): Illuminate\\Database\\Migrations\\Migrator->Illuminate\\Database\\Migrations\\{closure}()
#12 D:\\weblaptrinh2\\srccode\\vendor\\laravel\\framework\\src\\Illuminate\\Database\\Migrations\\Migrator.php(224): Illuminate\\Database\\Migrations\\Migrator->runMigration(Object(Illuminate\\Database\\Migrations\\Migration@anonymous), 'up')
#13 D:\\weblaptrinh2\\srccode\\vendor\\laravel\\framework\\src\\Illuminate\\Console\\View\\Components\\Task.php(37): Illuminate\\Database\\Migrations\\Migrator->Illuminate\\Database\\Migrations\\{closure}()
#14 D:\\weblaptrinh2\\srccode\\vendor\\laravel\\framework\\src\\Illuminate\\Database\\Migrations\\Migrator.php(783): Illuminate\\Console\\View\\Components\\Task->render('2014_10_12_1000...', Object(Closure))
#15 D:\\weblaptrinh2\\srccode\\vendor\\laravel\\framework\\src\\Illuminate\\Database\\Migrations\\Migrator.php(224): Illuminate\\Database\\Migrations\\Migrator->write('Illuminate\\\\Cons...', '2014_10_12_1000...', Object(Closure))
#16 D:\\weblaptrinh2\\srccode\\vendor\\laravel\\framework\\src\\Illuminate\\Database\\Migrations\\Migrator.php(189): Illuminate\\Database\\Migrations\\Migrator->runUp('D:\\\\weblaptrinh2...', 1, false)
#17 D:\\weblaptrinh2\\srccode\\vendor\\laravel\\framework\\src\\Illuminate\\Database\\Migrations\\Migrator.php(132): Illuminate\\Database\\Migrations\\Migrator->runPending(Array, Array)
#18 D:\\weblaptrinh2\\srccode\\vendor\\laravel\\framework\\src\\Illuminate\\Database\\Console\\Migrations\\MigrateCommand.php(90): Illuminate\\Database\\Migrations\\Migrator->run(Array, Array)
#19 D:\\weblaptrinh2\\srccode\\vendor\\laravel\\framework\\src\\Illuminate\\Database\\Migrations\\Migrator.php(641): Illuminate\\Database\\Console\\Migrations\\MigrateCommand->Illuminate\\Database\\Console\\Migrations\\{closure}()
#20 D:\\weblaptrinh2\\srccode\\vendor\\laravel\\framework\\src\\Illuminate\\Database\\Console\\Migrations\\MigrateCommand.php(83): Illuminate\\Database\\Migrations\\Migrator->usingConnection(NULL, Object(Closure))
#21 D:\\weblaptrinh2\\srccode\\vendor\\laravel\\framework\\src\\Illuminate\\Container\\BoundMethod.php(36): Illuminate\\Database\\Console\\Migrations\\MigrateCommand->handle()
#22 D:\\weblaptrinh2\\srccode\\vendor\\laravel\\framework\\src\\Illuminate\\Container\\Util.php(41): Illuminate\\Container\\BoundMethod::Illuminate\\Container\\{closure}()
#23 D:\\weblaptrinh2\\srccode\\vendor\\laravel\\framework\\src\\Illuminate\\Container\\BoundMethod.php(93): Illuminate\\Container\\Util::unwrapIfClosure(Object(Closure))
#24 D:\\weblaptrinh2\\srccode\\vendor\\laravel\\framework\\src\\Illuminate\\Container\\BoundMethod.php(35): Illuminate\\Container\\BoundMethod::callBoundMethod(Object(Illuminate\\Foundation\\Application), Array, Object(Closure))
#25 D:\\weblaptrinh2\\srccode\\vendor\\laravel\\framework\\src\\Illuminate\\Container\\Container.php(662): Illuminate\\Container\\BoundMethod::call(Object(Illuminate\\Foundation\\Application), Array, Array, NULL)
#26 D:\\weblaptrinh2\\srccode\\vendor\\laravel\\framework\\src\\Illuminate\\Console\\Command.php(211): Illuminate\\Container\\Container->call(Array)
#27 D:\\weblaptrinh2\\srccode\\vendor\\symfony\\console\\Command\\Command.php(326): Illuminate\\Console\\Command->execute(Object(Symfony\\Component\\Console\\Input\\ArgvInput), Object(Illuminate\\Console\\OutputStyle))
#28 D:\\weblaptrinh2\\srccode\\vendor\\laravel\\framework\\src\\Illuminate\\Console\\Command.php(180): Symfony\\Component\\Console\\Command\\Command->run(Object(Symfony\\Component\\Console\\Input\\ArgvInput), Object(Illuminate\\Console\\OutputStyle))
#29 D:\\weblaptrinh2\\srccode\\vendor\\symfony\\console\\Application.php(1096): Illuminate\\Console\\Command->run(Object(Symfony\\Component\\Console\\Input\\ArgvInput), Object(Symfony\\Component\\Console\\Output\\ConsoleOutput))
#30 D:\\weblaptrinh2\\srccode\\vendor\\symfony\\console\\Application.php(324): Symfony\\Component\\Console\\Application->doRunCommand(Object(Illuminate\\Database\\Console\\Migrations\\MigrateCommand), Object(Symfony\\Component\\Console\\Input\\ArgvInput), Object(Symfony\\Component\\Console\\Output\\ConsoleOutput))
#31 D:\\weblaptrinh2\\srccode\\vendor\\symfony\\console\\Application.php(175): Symfony\\Component\\Console\\Application->doRun(Object(Symfony\\Component\\Console\\Input\\ArgvInput), Object(Symfony\\Component\\Console\\Output\\ConsoleOutput))
#32 D:\\weblaptrinh2\\srccode\\vendor\\laravel\\framework\\src\\Illuminate\\Foundation\\Console\\Kernel.php(201): Symfony\\Component\\Console\\Application->run(Object(Symfony\\Component\\Console\\Input\\ArgvInput), Object(Symfony\\Component\\Console\\Output\\ConsoleOutput))
#33 D:\\weblaptrinh2\\srccode\\artisan(35): Illuminate\\Foundation\\Console\\Kernel->handle(Object(Symfony\\Component\\Console\\Input\\ArgvInput), Object(Symfony\\Component\\Console\\Output\\ConsoleOutput))
#34 {main}
"} 
[2025-04-03 07:49:59] local.ERROR: SQLSTATE[42000]: Syntax error or access violation: 1071 Specified key was too long; max key length is 1000 bytes (Connection: mysql, SQL: create table `password_reset_tokens` (`email` varchar(255) not null, `token` varchar(255) not null, `created_at` timestamp null, primary key (`email`)) default character set utf8mb4 collate 'utf8mb4_unicode_ci') {"exception":"[object] (Illuminate\\Database\\QueryException(code: 42000): SQLSTATE[42000]: Syntax error or access violation: 1071 Specified key was too long; max key length is 1000 bytes (Connection: mysql, SQL: create table `password_reset_tokens` (`email` varchar(255) not null, `token` varchar(255) not null, `created_at` timestamp null, primary key (`email`)) default character set utf8mb4 collate 'utf8mb4_unicode_ci') at D:\\weblaptrinh2\\srccode\\vendor\\laravel\\framework\\src\\Illuminate\\Database\\Connection.php:829)
[stacktrace]
#0 D:\\weblaptrinh2\\srccode\\vendor\\laravel\\framework\\src\\Illuminate\\Database\\Connection.php(783): Illuminate\\Database\\Connection->runQueryCallback('create table `p...', Array, Object(Closure))
#1 D:\\weblaptrinh2\\srccode\\vendor\\laravel\\framework\\src\\Illuminate\\Database\\Connection.php(576): Illuminate\\Database\\Connection->run('create table `p...', Array, Object(Closure))
#2 D:\\weblaptrinh2\\srccode\\vendor\\laravel\\framework\\src\\Illuminate\\Database\\Schema\\Blueprint.php(110): Illuminate\\Database\\Connection->statement('create table `p...')
#3 D:\\weblaptrinh2\\srccode\\vendor\\laravel\\framework\\src\\Illuminate\\Database\\Schema\\Builder.php(602): Illuminate\\Database\\Schema\\Blueprint->build(Object(Illuminate\\Database\\MySqlConnection), Object(Illuminate\\Database\\Schema\\Grammars\\MySqlGrammar))
#4 D:\\weblaptrinh2\\srccode\\vendor\\laravel\\framework\\src\\Illuminate\\Database\\Schema\\Builder.php(456): Illuminate\\Database\\Schema\\Builder->build(Object(Illuminate\\Database\\Schema\\Blueprint))
#5 D:\\weblaptrinh2\\srccode\\vendor\\laravel\\framework\\src\\Illuminate\\Support\\Facades\\Facade.php(355): Illuminate\\Database\\Schema\\Builder->create('password_reset_...', Object(Closure))
#6 D:\\weblaptrinh2\\srccode\\database\\migrations\\2014_10_12_100000_create_password_reset_tokens_table.php(14): Illuminate\\Support\\Facades\\Facade::__callStatic('create', Array)
#7 D:\\weblaptrinh2\\srccode\\vendor\\laravel\\framework\\src\\Illuminate\\Database\\Migrations\\Migrator.php(501): Illuminate\\Database\\Migrations\\Migration@anonymous->up()
#8 D:\\weblaptrinh2\\srccode\\vendor\\laravel\\framework\\src\\Illuminate\\Database\\Migrations\\Migrator.php(418): Illuminate\\Database\\Migrations\\Migrator->runMethod(Object(Illuminate\\Database\\MySqlConnection), Object(Illuminate\\Database\\Migrations\\Migration@anonymous), 'up')
#9 D:\\weblaptrinh2\\srccode\\vendor\\laravel\\framework\\src\\Illuminate\\Database\\Migrations\\Migrator.php(427): Illuminate\\Database\\Migrations\\Migrator->Illuminate\\Database\\Migrations\\{closure}()
#10 D:\\weblaptrinh2\\srccode\\vendor\\laravel\\framework\\src\\Illuminate\\Database\\Migrations\\Migrator.php(224): Illuminate\\Database\\Migrations\\Migrator->runMigration(Object(Illuminate\\Database\\Migrations\\Migration@anonymous), 'up')
#11 D:\\weblaptrinh2\\srccode\\vendor\\laravel\\framework\\src\\Illuminate\\Console\\View\\Components\\Task.php(37): Illuminate\\Database\\Migrations\\Migrator->Illuminate\\Database\\Migrations\\{closure}()
#12 D:\\weblaptrinh2\\srccode\\vendor\\laravel\\framework\\src\\Illuminate\\Database\\Migrations\\Migrator.php(783): Illuminate\\Console\\View\\Components\\Task->render('2014_10_12_1000...', Object(Closure))
#13 D:\\weblaptrinh2\\srccode\\vendor\\laravel\\framework\\src\\Illuminate\\Database\\Migrations\\Migrator.php(224): Illuminate\\Database\\Migrations\\Migrator->write('Illuminate\\\\Cons...', '2014_10_12_1000...', Object(Closure))
#14 D:\\weblaptrinh2\\srccode\\vendor\\laravel\\framework\\src\\Illuminate\\Database\\Migrations\\Migrator.php(189): Illuminate\\Database\\Migrations\\Migrator->runUp('D:\\\\weblaptrinh2...', 2, false)
#15 D:\\weblaptrinh2\\srccode\\vendor\\laravel\\framework\\src\\Illuminate\\Database\\Migrations\\Migrator.php(132): Illuminate\\Database\\Migrations\\Migrator->runPending(Array, Array)
#16 D:\\weblaptrinh2\\srccode\\vendor\\laravel\\framework\\src\\Illuminate\\Database\\Console\\Migrations\\MigrateCommand.php(90): Illuminate\\Database\\Migrations\\Migrator->run(Array, Array)
#17 D:\\weblaptrinh2\\srccode\\vendor\\laravel\\framework\\src\\Illuminate\\Database\\Migrations\\Migrator.php(641): Illuminate\\Database\\Console\\Migrations\\MigrateCommand->Illuminate\\Database\\Console\\Migrations\\{closure}()
#18 D:\\weblaptrinh2\\srccode\\vendor\\laravel\\framework\\src\\Illuminate\\Database\\Console\\Migrations\\MigrateCommand.php(83): Illuminate\\Database\\Migrations\\Migrator->usingConnection(NULL, Object(Closure))
#19 D:\\weblaptrinh2\\srccode\\vendor\\laravel\\framework\\src\\Illuminate\\Container\\BoundMethod.php(36): Illuminate\\Database\\Console\\Migrations\\MigrateCommand->handle()
#20 D:\\weblaptrinh2\\srccode\\vendor\\laravel\\framework\\src\\Illuminate\\Container\\Util.php(41): Illuminate\\Container\\BoundMethod::Illuminate\\Container\\{closure}()
#21 D:\\weblaptrinh2\\srccode\\vendor\\laravel\\framework\\src\\Illuminate\\Container\\BoundMethod.php(93): Illuminate\\Container\\Util::unwrapIfClosure(Object(Closure))
#22 D:\\weblaptrinh2\\srccode\\vendor\\laravel\\framework\\src\\Illuminate\\Container\\BoundMethod.php(35): Illuminate\\Container\\BoundMethod::callBoundMethod(Object(Illuminate\\Foundation\\Application), Array, Object(Closure))
#23 D:\\weblaptrinh2\\srccode\\vendor\\laravel\\framework\\src\\Illuminate\\Container\\Container.php(662): Illuminate\\Container\\BoundMethod::call(Object(Illuminate\\Foundation\\Application), Array, Array, NULL)
#24 D:\\weblaptrinh2\\srccode\\vendor\\laravel\\framework\\src\\Illuminate\\Console\\Command.php(211): Illuminate\\Container\\Container->call(Array)
#25 D:\\weblaptrinh2\\srccode\\vendor\\symfony\\console\\Command\\Command.php(326): Illuminate\\Console\\Command->execute(Object(Symfony\\Component\\Console\\Input\\ArgvInput), Object(Illuminate\\Console\\OutputStyle))
#26 D:\\weblaptrinh2\\srccode\\vendor\\laravel\\framework\\src\\Illuminate\\Console\\Command.php(180): Symfony\\Component\\Console\\Command\\Command->run(Object(Symfony\\Component\\Console\\Input\\ArgvInput), Object(Illuminate\\Console\\OutputStyle))
#27 D:\\weblaptrinh2\\srccode\\vendor\\symfony\\console\\Application.php(1096): Illuminate\\Console\\Command->run(Object(Symfony\\Component\\Console\\Input\\ArgvInput), Object(Symfony\\Component\\Console\\Output\\ConsoleOutput))
#28 D:\\weblaptrinh2\\srccode\\vendor\\symfony\\console\\Application.php(324): Symfony\\Component\\Console\\Application->doRunCommand(Object(Illuminate\\Database\\Console\\Migrations\\MigrateCommand), Object(Symfony\\Component\\Console\\Input\\ArgvInput), Object(Symfony\\Component\\Console\\Output\\ConsoleOutput))
#29 D:\\weblaptrinh2\\srccode\\vendor\\symfony\\console\\Application.php(175): Symfony\\Component\\Console\\Application->doRun(Object(Symfony\\Component\\Console\\Input\\ArgvInput), Object(Symfony\\Component\\Console\\Output\\ConsoleOutput))
#30 D:\\weblaptrinh2\\srccode\\vendor\\laravel\\framework\\src\\Illuminate\\Foundation\\Console\\Kernel.php(201): Symfony\\Component\\Console\\Application->run(Object(Symfony\\Component\\Console\\Input\\ArgvInput), Object(Symfony\\Component\\Console\\Output\\ConsoleOutput))
#31 D:\\weblaptrinh2\\srccode\\artisan(35): Illuminate\\Foundation\\Console\\Kernel->handle(Object(Symfony\\Component\\Console\\Input\\ArgvInput), Object(Symfony\\Component\\Console\\Output\\ConsoleOutput))
#32 {main}

[previous exception] [object] (PDOException(code: 42000): SQLSTATE[42000]: Syntax error or access violation: 1071 Specified key was too long; max key length is 1000 bytes at D:\\weblaptrinh2\\srccode\\vendor\\laravel\\framework\\src\\Illuminate\\Database\\Connection.php:587)
[stacktrace]
#0 D:\\weblaptrinh2\\srccode\\vendor\\laravel\\framework\\src\\Illuminate\\Database\\Connection.php(587): PDOStatement->execute()
#1 D:\\weblaptrinh2\\srccode\\vendor\\laravel\\framework\\src\\Illuminate\\Database\\Connection.php(816): Illuminate\\Database\\Connection->Illuminate\\Database\\{closure}('create table `p...', Array)
#2 D:\\weblaptrinh2\\srccode\\vendor\\laravel\\framework\\src\\Illuminate\\Database\\Connection.php(783): Illuminate\\Database\\Connection->runQueryCallback('create table `p...', Array, Object(Closure))
#3 D:\\weblaptrinh2\\srccode\\vendor\\laravel\\framework\\src\\Illuminate\\Database\\Connection.php(576): Illuminate\\Database\\Connection->run('create table `p...', Array, Object(Closure))
#4 D:\\weblaptrinh2\\srccode\\vendor\\laravel\\framework\\src\\Illuminate\\Database\\Schema\\Blueprint.php(110): Illuminate\\Database\\Connection->statement('create table `p...')
#5 D:\\weblaptrinh2\\srccode\\vendor\\laravel\\framework\\src\\Illuminate\\Database\\Schema\\Builder.php(602): Illuminate\\Database\\Schema\\Blueprint->build(Object(Illuminate\\Database\\MySqlConnection), Object(Illuminate\\Database\\Schema\\Grammars\\MySqlGrammar))
#6 D:\\weblaptrinh2\\srccode\\vendor\\laravel\\framework\\src\\Illuminate\\Database\\Schema\\Builder.php(456): Illuminate\\Database\\Schema\\Builder->build(Object(Illuminate\\Database\\Schema\\Blueprint))
#7 D:\\weblaptrinh2\\srccode\\vendor\\laravel\\framework\\src\\Illuminate\\Support\\Facades\\Facade.php(355): Illuminate\\Database\\Schema\\Builder->create('password_reset_...', Object(Closure))
#8 D:\\weblaptrinh2\\srccode\\database\\migrations\\2014_10_12_100000_create_password_reset_tokens_table.php(14): Illuminate\\Support\\Facades\\Facade::__callStatic('create', Array)
#9 D:\\weblaptrinh2\\srccode\\vendor\\laravel\\framework\\src\\Illuminate\\Database\\Migrations\\Migrator.php(501): Illuminate\\Database\\Migrations\\Migration@anonymous->up()
#10 D:\\weblaptrinh2\\srccode\\vendor\\laravel\\framework\\src\\Illuminate\\Database\\Migrations\\Migrator.php(418): Illuminate\\Database\\Migrations\\Migrator->runMethod(Object(Illuminate\\Database\\MySqlConnection), Object(Illuminate\\Database\\Migrations\\Migration@anonymous), 'up')
#11 D:\\weblaptrinh2\\srccode\\vendor\\laravel\\framework\\src\\Illuminate\\Database\\Migrations\\Migrator.php(427): Illuminate\\Database\\Migrations\\Migrator->Illuminate\\Database\\Migrations\\{closure}()
#12 D:\\weblaptrinh2\\srccode\\vendor\\laravel\\framework\\src\\Illuminate\\Database\\Migrations\\Migrator.php(224): Illuminate\\Database\\Migrations\\Migrator->runMigration(Object(Illuminate\\Database\\Migrations\\Migration@anonymous), 'up')
#13 D:\\weblaptrinh2\\srccode\\vendor\\laravel\\framework\\src\\Illuminate\\Console\\View\\Components\\Task.php(37): Illuminate\\Database\\Migrations\\Migrator->Illuminate\\Database\\Migrations\\{closure}()
#14 D:\\weblaptrinh2\\srccode\\vendor\\laravel\\framework\\src\\Illuminate\\Database\\Migrations\\Migrator.php(783): Illuminate\\Console\\View\\Components\\Task->render('2014_10_12_1000...', Object(Closure))
#15 D:\\weblaptrinh2\\srccode\\vendor\\laravel\\framework\\src\\Illuminate\\Database\\Migrations\\Migrator.php(224): Illuminate\\Database\\Migrations\\Migrator->write('Illuminate\\\\Cons...', '2014_10_12_1000...', Object(Closure))
#16 D:\\weblaptrinh2\\srccode\\vendor\\laravel\\framework\\src\\Illuminate\\Database\\Migrations\\Migrator.php(189): Illuminate\\Database\\Migrations\\Migrator->runUp('D:\\\\weblaptrinh2...', 2, false)
#17 D:\\weblaptrinh2\\srccode\\vendor\\laravel\\framework\\src\\Illuminate\\Database\\Migrations\\Migrator.php(132): Illuminate\\Database\\Migrations\\Migrator->runPending(Array, Array)
#18 D:\\weblaptrinh2\\srccode\\vendor\\laravel\\framework\\src\\Illuminate\\Database\\Console\\Migrations\\MigrateCommand.php(90): Illuminate\\Database\\Migrations\\Migrator->run(Array, Array)
#19 D:\\weblaptrinh2\\srccode\\vendor\\laravel\\framework\\src\\Illuminate\\Database\\Migrations\\Migrator.php(641): Illuminate\\Database\\Console\\Migrations\\MigrateCommand->Illuminate\\Database\\Console\\Migrations\\{closure}()
#20 D:\\weblaptrinh2\\srccode\\vendor\\laravel\\framework\\src\\Illuminate\\Database\\Console\\Migrations\\MigrateCommand.php(83): Illuminate\\Database\\Migrations\\Migrator->usingConnection(NULL, Object(Closure))
#21 D:\\weblaptrinh2\\srccode\\vendor\\laravel\\framework\\src\\Illuminate\\Container\\BoundMethod.php(36): Illuminate\\Database\\Console\\Migrations\\MigrateCommand->handle()
#22 D:\\weblaptrinh2\\srccode\\vendor\\laravel\\framework\\src\\Illuminate\\Container\\Util.php(41): Illuminate\\Container\\BoundMethod::Illuminate\\Container\\{closure}()
#23 D:\\weblaptrinh2\\srccode\\vendor\\laravel\\framework\\src\\Illuminate\\Container\\BoundMethod.php(93): Illuminate\\Container\\Util::unwrapIfClosure(Object(Closure))
#24 D:\\weblaptrinh2\\srccode\\vendor\\laravel\\framework\\src\\Illuminate\\Container\\BoundMethod.php(35): Illuminate\\Container\\BoundMethod::callBoundMethod(Object(Illuminate\\Foundation\\Application), Array, Object(Closure))
#25 D:\\weblaptrinh2\\srccode\\vendor\\laravel\\framework\\src\\Illuminate\\Container\\Container.php(662): Illuminate\\Container\\BoundMethod::call(Object(Illuminate\\Foundation\\Application), Array, Array, NULL)
#26 D:\\weblaptrinh2\\srccode\\vendor\\laravel\\framework\\src\\Illuminate\\Console\\Command.php(211): Illuminate\\Container\\Container->call(Array)
#27 D:\\weblaptrinh2\\srccode\\vendor\\symfony\\console\\Command\\Command.php(326): Illuminate\\Console\\Command->execute(Object(Symfony\\Component\\Console\\Input\\ArgvInput), Object(Illuminate\\Console\\OutputStyle))
#28 D:\\weblaptrinh2\\srccode\\vendor\\laravel\\framework\\src\\Illuminate\\Console\\Command.php(180): Symfony\\Component\\Console\\Command\\Command->run(Object(Symfony\\Component\\Console\\Input\\ArgvInput), Object(Illuminate\\Console\\OutputStyle))
#29 D:\\weblaptrinh2\\srccode\\vendor\\symfony\\console\\Application.php(1096): Illuminate\\Console\\Command->run(Object(Symfony\\Component\\Console\\Input\\ArgvInput), Object(Symfony\\Component\\Console\\Output\\ConsoleOutput))
#30 D:\\weblaptrinh2\\srccode\\vendor\\symfony\\console\\Application.php(324): Symfony\\Component\\Console\\Application->doRunCommand(Object(Illuminate\\Database\\Console\\Migrations\\MigrateCommand), Object(Symfony\\Component\\Console\\Input\\ArgvInput), Object(Symfony\\Component\\Console\\Output\\ConsoleOutput))
#31 D:\\weblaptrinh2\\srccode\\vendor\\symfony\\console\\Application.php(175): Symfony\\Component\\Console\\Application->doRun(Object(Symfony\\Component\\Console\\Input\\ArgvInput), Object(Symfony\\Component\\Console\\Output\\ConsoleOutput))
#32 D:\\weblaptrinh2\\srccode\\vendor\\laravel\\framework\\src\\Illuminate\\Foundation\\Console\\Kernel.php(201): Symfony\\Component\\Console\\Application->run(Object(Symfony\\Component\\Console\\Input\\ArgvInput), Object(Symfony\\Component\\Console\\Output\\ConsoleOutput))
#33 D:\\weblaptrinh2\\srccode\\artisan(35): Illuminate\\Foundation\\Console\\Kernel->handle(Object(Symfony\\Component\\Console\\Input\\ArgvInput), Object(Symfony\\Component\\Console\\Output\\ConsoleOutput))
#34 {main}
"} 
[2025-04-03 07:55:46] local.ERROR: Method App\Http\Controllers\CrudUserController::login does not exist. {"exception":"[object] (BadMethodCallException(code: 0): Method App\\Http\\Controllers\\CrudUserController::login does not exist. at D:\\weblaptrinh2\\srccode\\vendor\\laravel\\framework\\src\\Illuminate\\Routing\\Controller.php:68)
[stacktrace]
#0 D:\\weblaptrinh2\\srccode\\vendor\\laravel\\framework\\src\\Illuminate\\Routing\\Controller.php(54): Illuminate\\Routing\\Controller->__call('login', Array)
#1 D:\\weblaptrinh2\\srccode\\vendor\\laravel\\framework\\src\\Illuminate\\Routing\\ControllerDispatcher.php(43): Illuminate\\Routing\\Controller->callAction('login', Array)
#2 D:\\weblaptrinh2\\srccode\\vendor\\laravel\\framework\\src\\Illuminate\\Routing\\Route.php(259): Illuminate\\Routing\\ControllerDispatcher->dispatch(Object(Illuminate\\Routing\\Route), Object(App\\Http\\Controllers\\CrudUserController), 'login')
#3 D:\\weblaptrinh2\\srccode\\vendor\\laravel\\framework\\src\\Illuminate\\Routing\\Route.php(205): Illuminate\\Routing\\Route->runController()
#4 D:\\weblaptrinh2\\srccode\\vendor\\laravel\\framework\\src\\Illuminate\\Routing\\Router.php(806): Illuminate\\Routing\\Route->run()
#5 D:\\weblaptrinh2\\srccode\\vendor\\laravel\\framework\\src\\Illuminate\\Pipeline\\Pipeline.php(144): Illuminate\\Routing\\Router->Illuminate\\Routing\\{closure}(Object(Illuminate\\Http\\Request))
#6 D:\\weblaptrinh2\\srccode\\vendor\\laravel\\framework\\src\\Illuminate\\Routing\\Middleware\\SubstituteBindings.php(50): Illuminate\\Pipeline\\Pipeline->Illuminate\\Pipeline\\{closure}(Object(Illuminate\\Http\\Request))
#7 D:\\weblaptrinh2\\srccode\\vendor\\laravel\\framework\\src\\Illuminate\\Pipeline\\Pipeline.php(183): Illuminate\\Routing\\Middleware\\SubstituteBindings->handle(Object(Illuminate\\Http\\Request), Object(Closure))
#8 D:\\weblaptrinh2\\srccode\\vendor\\laravel\\framework\\src\\Illuminate\\Foundation\\Http\\Middleware\\VerifyCsrfToken.php(78): Illuminate\\Pipeline\\Pipeline->Illuminate\\Pipeline\\{closure}(Object(Illuminate\\Http\\Request))
#9 D:\\weblaptrinh2\\srccode\\vendor\\laravel\\framework\\src\\Illuminate\\Pipeline\\Pipeline.php(183): Illuminate\\Foundation\\Http\\Middleware\\VerifyCsrfToken->handle(Object(Illuminate\\Http\\Request), Object(Closure))
#10 D:\\weblaptrinh2\\srccode\\vendor\\laravel\\framework\\src\\Illuminate\\View\\Middleware\\ShareErrorsFromSession.php(49): Illuminate\\Pipeline\\Pipeline->Illuminate\\Pipeline\\{closure}(Object(Illuminate\\Http\\Request))
#11 D:\\weblaptrinh2\\srccode\\vendor\\laravel\\framework\\src\\Illuminate\\Pipeline\\Pipeline.php(183): Illuminate\\View\\Middleware\\ShareErrorsFromSession->handle(Object(Illuminate\\Http\\Request), Object(Closure))
#12 D:\\weblaptrinh2\\srccode\\vendor\\laravel\\framework\\src\\Illuminate\\Session\\Middleware\\StartSession.php(121): Illuminate\\Pipeline\\Pipeline->Illuminate\\Pipeline\\{closure}(Object(Illuminate\\Http\\Request))
#13 D:\\weblaptrinh2\\srccode\\vendor\\laravel\\framework\\src\\Illuminate\\Session\\Middleware\\StartSession.php(64): Illuminate\\Session\\Middleware\\StartSession->handleStatefulRequest(Object(Illuminate\\Http\\Request), Object(Illuminate\\Session\\Store), Object(Closure))
#14 D:\\weblaptrinh2\\srccode\\vendor\\laravel\\framework\\src\\Illuminate\\Pipeline\\Pipeline.php(183): Illuminate\\Session\\Middleware\\StartSession->handle(Object(Illuminate\\Http\\Request), Object(Closure))
#15 D:\\weblaptrinh2\\srccode\\vendor\\laravel\\framework\\src\\Illuminate\\Cookie\\Middleware\\AddQueuedCookiesToResponse.php(37): Illuminate\\Pipeline\\Pipeline->Illuminate\\Pipeline\\{closure}(Object(Illuminate\\Http\\Request))
#16 D:\\weblaptrinh2\\srccode\\vendor\\laravel\\framework\\src\\Illuminate\\Pipeline\\Pipeline.php(183): Illuminate\\Cookie\\Middleware\\AddQueuedCookiesToResponse->handle(Object(Illuminate\\Http\\Request), Object(Closure))
#17 D:\\weblaptrinh2\\srccode\\vendor\\laravel\\framework\\src\\Illuminate\\Cookie\\Middleware\\EncryptCookies.php(67): Illuminate\\Pipeline\\Pipeline->Illuminate\\Pipeline\\{closure}(Object(Illuminate\\Http\\Request))
#18 D:\\weblaptrinh2\\srccode\\vendor\\laravel\\framework\\src\\Illuminate\\Pipeline\\Pipeline.php(183): Illuminate\\Cookie\\Middleware\\EncryptCookies->handle(Object(Illuminate\\Http\\Request), Object(Closure))
#19 D:\\weblaptrinh2\\srccode\\vendor\\laravel\\framework\\src\\Illuminate\\Pipeline\\Pipeline.php(119): Illuminate\\Pipeline\\Pipeline->Illuminate\\Pipeline\\{closure}(Object(Illuminate\\Http\\Request))
#20 D:\\weblaptrinh2\\srccode\\vendor\\laravel\\framework\\src\\Illuminate\\Routing\\Router.php(805): Illuminate\\Pipeline\\Pipeline->then(Object(Closure))
#21 D:\\weblaptrinh2\\srccode\\vendor\\laravel\\framework\\src\\Illuminate\\Routing\\Router.php(784): Illuminate\\Routing\\Router->runRouteWithinStack(Object(Illuminate\\Routing\\Route), Object(Illuminate\\Http\\Request))
#22 D:\\weblaptrinh2\\srccode\\vendor\\laravel\\framework\\src\\Illuminate\\Routing\\Router.php(748): Illuminate\\Routing\\Router->runRoute(Object(Illuminate\\Http\\Request), Object(Illuminate\\Routing\\Route))
#23 D:\\weblaptrinh2\\srccode\\vendor\\laravel\\framework\\src\\Illuminate\\Routing\\Router.php(737): Illuminate\\Routing\\Router->dispatchToRoute(Object(Illuminate\\Http\\Request))
#24 D:\\weblaptrinh2\\srccode\\vendor\\laravel\\framework\\src\\Illuminate\\Foundation\\Http\\Kernel.php(200): Illuminate\\Routing\\Router->dispatch(Object(Illuminate\\Http\\Request))
#25 D:\\weblaptrinh2\\srccode\\vendor\\laravel\\framework\\src\\Illuminate\\Pipeline\\Pipeline.php(144): Illuminate\\Foundation\\Http\\Kernel->Illuminate\\Foundation\\Http\\{closure}(Object(Illuminate\\Http\\Request))
#26 D:\\weblaptrinh2\\srccode\\vendor\\laravel\\framework\\src\\Illuminate\\Foundation\\Http\\Middleware\\TransformsRequest.php(21): Illuminate\\Pipeline\\Pipeline->Illuminate\\Pipeline\\{closure}(Object(Illuminate\\Http\\Request))
#27 D:\\weblaptrinh2\\srccode\\vendor\\laravel\\framework\\src\\Illuminate\\Foundation\\Http\\Middleware\\ConvertEmptyStringsToNull.php(31): Illuminate\\Foundation\\Http\\Middleware\\TransformsRequest->handle(Object(Illuminate\\Http\\Request), Object(Closure))
#28 D:\\weblaptrinh2\\srccode\\vendor\\laravel\\framework\\src\\Illuminate\\Pipeline\\Pipeline.php(183): Illuminate\\Foundation\\Http\\Middleware\\ConvertEmptyStringsToNull->handle(Object(Illuminate\\Http\\Request), Object(Closure))
#29 D:\\weblaptrinh2\\srccode\\vendor\\laravel\\framework\\src\\Illuminate\\Foundation\\Http\\Middleware\\TransformsRequest.php(21): Illuminate\\Pipeline\\Pipeline->Illuminate\\Pipeline\\{closure}(Object(Illuminate\\Http\\Request))
#30 D:\\weblaptrinh2\\srccode\\vendor\\laravel\\framework\\src\\Illuminate\\Foundation\\Http\\Middleware\\TrimStrings.php(40): Illuminate\\Foundation\\Http\\Middleware\\TransformsRequest->handle(Object(Illuminate\\Http\\Request), Object(Closure))
#31 D:\\weblaptrinh2\\srccode\\vendor\\laravel\\framework\\src\\Illuminate\\Pipeline\\Pipeline.php(183): Illuminate\\Foundation\\Http\\Middleware\\TrimStrings->handle(Object(Illuminate\\Http\\Request), Object(Closure))
#32 D:\\weblaptrinh2\\srccode\\vendor\\laravel\\framework\\src\\Illuminate\\Foundation\\Http\\Middleware\\ValidatePostSize.php(27): Illuminate\\Pipeline\\Pipeline->Illuminate\\Pipeline\\{closure}(Object(Illuminate\\Http\\Request))
#33 D:\\weblaptrinh2\\srccode\\vendor\\laravel\\framework\\src\\Illuminate\\Pipeline\\Pipeline.php(183): Illuminate\\Foundation\\Http\\Middleware\\ValidatePostSize->handle(Object(Illuminate\\Http\\Request), Object(Closure))
#34 D:\\weblaptrinh2\\srccode\\vendor\\laravel\\framework\\src\\Illuminate\\Foundation\\Http\\Middleware\\PreventRequestsDuringMaintenance.php(99): Illuminate\\Pipeline\\Pipeline->Illuminate\\Pipeline\\{closure}(Object(Illuminate\\Http\\Request))
#35 D:\\weblaptrinh2\\srccode\\vendor\\laravel\\framework\\src\\Illuminate\\Pipeline\\Pipeline.php(183): Illuminate\\Foundation\\Http\\Middleware\\PreventRequestsDuringMaintenance->handle(Object(Illuminate\\Http\\Request), Object(Closure))
#36 D:\\weblaptrinh2\\srccode\\vendor\\laravel\\framework\\src\\Illuminate\\Http\\Middleware\\HandleCors.php(49): Illuminate\\Pipeline\\Pipeline->Illuminate\\Pipeline\\{closure}(Object(Illuminate\\Http\\Request))
#37 D:\\weblaptrinh2\\srccode\\vendor\\laravel\\framework\\src\\Illuminate\\Pipeline\\Pipeline.php(183): Illuminate\\Http\\Middleware\\HandleCors->handle(Object(Illuminate\\Http\\Request), Object(Closure))
#38 D:\\weblaptrinh2\\srccode\\vendor\\laravel\\framework\\src\\Illuminate\\Http\\Middleware\\TrustProxies.php(39): Illuminate\\Pipeline\\Pipeline->Illuminate\\Pipeline\\{closure}(Object(Illuminate\\Http\\Request))
#39 D:\\weblaptrinh2\\srccode\\vendor\\laravel\\framework\\src\\Illuminate\\Pipeline\\Pipeline.php(183): Illuminate\\Http\\Middleware\\TrustProxies->handle(Object(Illuminate\\Http\\Request), Object(Closure))
#40 D:\\weblaptrinh2\\srccode\\vendor\\laravel\\framework\\src\\Illuminate\\Pipeline\\Pipeline.php(119): Illuminate\\Pipeline\\Pipeline->Illuminate\\Pipeline\\{closure}(Object(Illuminate\\Http\\Request))
#41 D:\\weblaptrinh2\\srccode\\vendor\\laravel\\framework\\src\\Illuminate\\Foundation\\Http\\Kernel.php(175): Illuminate\\Pipeline\\Pipeline->then(Object(Closure))
#42 D:\\weblaptrinh2\\srccode\\vendor\\laravel\\framework\\src\\Illuminate\\Foundation\\Http\\Kernel.php(144): Illuminate\\Foundation\\Http\\Kernel->sendRequestThroughRouter(Object(Illuminate\\Http\\Request))
#43 D:\\weblaptrinh2\\srccode\\public\\index.php(51): Illuminate\\Foundation\\Http\\Kernel->handle(Object(Illuminate\\Http\\Request))
#44 D:\\weblaptrinh2\\srccode\\vendor\\laravel\\framework\\src\\Illuminate\\Foundation\\resources\\server.php(16): require_once('D:\\\\weblaptrinh2...')
#45 {main}
"} 
[2025-04-03 07:55:48] local.ERROR: Method App\Http\Controllers\CrudUserController::login does not exist. {"exception":"[object] (BadMethodCallException(code: 0): Method App\\Http\\Controllers\\CrudUserController::login does not exist. at D:\\weblaptrinh2\\srccode\\vendor\\laravel\\framework\\src\\Illuminate\\Routing\\Controller.php:68)
[stacktrace]
#0 D:\\weblaptrinh2\\srccode\\vendor\\laravel\\framework\\src\\Illuminate\\Routing\\Controller.php(54): Illuminate\\Routing\\Controller->__call('login', Array)
#1 D:\\weblaptrinh2\\srccode\\vendor\\laravel\\framework\\src\\Illuminate\\Routing\\ControllerDispatcher.php(43): Illuminate\\Routing\\Controller->callAction('login', Array)
#2 D:\\weblaptrinh2\\srccode\\vendor\\laravel\\framework\\src\\Illuminate\\Routing\\Route.php(259): Illuminate\\Routing\\ControllerDispatcher->dispatch(Object(Illuminate\\Routing\\Route), Object(App\\Http\\Controllers\\CrudUserController), 'login')
#3 D:\\weblaptrinh2\\srccode\\vendor\\laravel\\framework\\src\\Illuminate\\Routing\\Route.php(205): Illuminate\\Routing\\Route->runController()
#4 D:\\weblaptrinh2\\srccode\\vendor\\laravel\\framework\\src\\Illuminate\\Routing\\Router.php(806): Illuminate\\Routing\\Route->run()
#5 D:\\weblaptrinh2\\srccode\\vendor\\laravel\\framework\\src\\Illuminate\\Pipeline\\Pipeline.php(144): Illuminate\\Routing\\Router->Illuminate\\Routing\\{closure}(Object(Illuminate\\Http\\Request))
#6 D:\\weblaptrinh2\\srccode\\vendor\\laravel\\framework\\src\\Illuminate\\Routing\\Middleware\\SubstituteBindings.php(50): Illuminate\\Pipeline\\Pipeline->Illuminate\\Pipeline\\{closure}(Object(Illuminate\\Http\\Request))
#7 D:\\weblaptrinh2\\srccode\\vendor\\laravel\\framework\\src\\Illuminate\\Pipeline\\Pipeline.php(183): Illuminate\\Routing\\Middleware\\SubstituteBindings->handle(Object(Illuminate\\Http\\Request), Object(Closure))
#8 D:\\weblaptrinh2\\srccode\\vendor\\laravel\\framework\\src\\Illuminate\\Foundation\\Http\\Middleware\\VerifyCsrfToken.php(78): Illuminate\\Pipeline\\Pipeline->Illuminate\\Pipeline\\{closure}(Object(Illuminate\\Http\\Request))
#9 D:\\weblaptrinh2\\srccode\\vendor\\laravel\\framework\\src\\Illuminate\\Pipeline\\Pipeline.php(183): Illuminate\\Foundation\\Http\\Middleware\\VerifyCsrfToken->handle(Object(Illuminate\\Http\\Request), Object(Closure))
#10 D:\\weblaptrinh2\\srccode\\vendor\\laravel\\framework\\src\\Illuminate\\View\\Middleware\\ShareErrorsFromSession.php(49): Illuminate\\Pipeline\\Pipeline->Illuminate\\Pipeline\\{closure}(Object(Illuminate\\Http\\Request))
#11 D:\\weblaptrinh2\\srccode\\vendor\\laravel\\framework\\src\\Illuminate\\Pipeline\\Pipeline.php(183): Illuminate\\View\\Middleware\\ShareErrorsFromSession->handle(Object(Illuminate\\Http\\Request), Object(Closure))
#12 D:\\weblaptrinh2\\srccode\\vendor\\laravel\\framework\\src\\Illuminate\\Session\\Middleware\\StartSession.php(121): Illuminate\\Pipeline\\Pipeline->Illuminate\\Pipeline\\{closure}(Object(Illuminate\\Http\\Request))
#13 D:\\weblaptrinh2\\srccode\\vendor\\laravel\\framework\\src\\Illuminate\\Session\\Middleware\\StartSession.php(64): Illuminate\\Session\\Middleware\\StartSession->handleStatefulRequest(Object(Illuminate\\Http\\Request), Object(Illuminate\\Session\\Store), Object(Closure))
#14 D:\\weblaptrinh2\\srccode\\vendor\\laravel\\framework\\src\\Illuminate\\Pipeline\\Pipeline.php(183): Illuminate\\Session\\Middleware\\StartSession->handle(Object(Illuminate\\Http\\Request), Object(Closure))
#15 D:\\weblaptrinh2\\srccode\\vendor\\laravel\\framework\\src\\Illuminate\\Cookie\\Middleware\\AddQueuedCookiesToResponse.php(37): Illuminate\\Pipeline\\Pipeline->Illuminate\\Pipeline\\{closure}(Object(Illuminate\\Http\\Request))
#16 D:\\weblaptrinh2\\srccode\\vendor\\laravel\\framework\\src\\Illuminate\\Pipeline\\Pipeline.php(183): Illuminate\\Cookie\\Middleware\\AddQueuedCookiesToResponse->handle(Object(Illuminate\\Http\\Request), Object(Closure))
#17 D:\\weblaptrinh2\\srccode\\vendor\\laravel\\framework\\src\\Illuminate\\Cookie\\Middleware\\EncryptCookies.php(67): Illuminate\\Pipeline\\Pipeline->Illuminate\\Pipeline\\{closure}(Object(Illuminate\\Http\\Request))
#18 D:\\weblaptrinh2\\srccode\\vendor\\laravel\\framework\\src\\Illuminate\\Pipeline\\Pipeline.php(183): Illuminate\\Cookie\\Middleware\\EncryptCookies->handle(Object(Illuminate\\Http\\Request), Object(Closure))
#19 D:\\weblaptrinh2\\srccode\\vendor\\laravel\\framework\\src\\Illuminate\\Pipeline\\Pipeline.php(119): Illuminate\\Pipeline\\Pipeline->Illuminate\\Pipeline\\{closure}(Object(Illuminate\\Http\\Request))
#20 D:\\weblaptrinh2\\srccode\\vendor\\laravel\\framework\\src\\Illuminate\\Routing\\Router.php(805): Illuminate\\Pipeline\\Pipeline->then(Object(Closure))
#21 D:\\weblaptrinh2\\srccode\\vendor\\laravel\\framework\\src\\Illuminate\\Routing\\Router.php(784): Illuminate\\Routing\\Router->runRouteWithinStack(Object(Illuminate\\Routing\\Route), Object(Illuminate\\Http\\Request))
#22 D:\\weblaptrinh2\\srccode\\vendor\\laravel\\framework\\src\\Illuminate\\Routing\\Router.php(748): Illuminate\\Routing\\Router->runRoute(Object(Illuminate\\Http\\Request), Object(Illuminate\\Routing\\Route))
#23 D:\\weblaptrinh2\\srccode\\vendor\\laravel\\framework\\src\\Illuminate\\Routing\\Router.php(737): Illuminate\\Routing\\Router->dispatchToRoute(Object(Illuminate\\Http\\Request))
#24 D:\\weblaptrinh2\\srccode\\vendor\\laravel\\framework\\src\\Illuminate\\Foundation\\Http\\Kernel.php(200): Illuminate\\Routing\\Router->dispatch(Object(Illuminate\\Http\\Request))
#25 D:\\weblaptrinh2\\srccode\\vendor\\laravel\\framework\\src\\Illuminate\\Pipeline\\Pipeline.php(144): Illuminate\\Foundation\\Http\\Kernel->Illuminate\\Foundation\\Http\\{closure}(Object(Illuminate\\Http\\Request))
#26 D:\\weblaptrinh2\\srccode\\vendor\\laravel\\framework\\src\\Illuminate\\Foundation\\Http\\Middleware\\TransformsRequest.php(21): Illuminate\\Pipeline\\Pipeline->Illuminate\\Pipeline\\{closure}(Object(Illuminate\\Http\\Request))
#27 D:\\weblaptrinh2\\srccode\\vendor\\laravel\\framework\\src\\Illuminate\\Foundation\\Http\\Middleware\\ConvertEmptyStringsToNull.php(31): Illuminate\\Foundation\\Http\\Middleware\\TransformsRequest->handle(Object(Illuminate\\Http\\Request), Object(Closure))
#28 D:\\weblaptrinh2\\srccode\\vendor\\laravel\\framework\\src\\Illuminate\\Pipeline\\Pipeline.php(183): Illuminate\\Foundation\\Http\\Middleware\\ConvertEmptyStringsToNull->handle(Object(Illuminate\\Http\\Request), Object(Closure))
#29 D:\\weblaptrinh2\\srccode\\vendor\\laravel\\framework\\src\\Illuminate\\Foundation\\Http\\Middleware\\TransformsRequest.php(21): Illuminate\\Pipeline\\Pipeline->Illuminate\\Pipeline\\{closure}(Object(Illuminate\\Http\\Request))
#30 D:\\weblaptrinh2\\srccode\\vendor\\laravel\\framework\\src\\Illuminate\\Foundation\\Http\\Middleware\\TrimStrings.php(40): Illuminate\\Foundation\\Http\\Middleware\\TransformsRequest->handle(Object(Illuminate\\Http\\Request), Object(Closure))
#31 D:\\weblaptrinh2\\srccode\\vendor\\laravel\\framework\\src\\Illuminate\\Pipeline\\Pipeline.php(183): Illuminate\\Foundation\\Http\\Middleware\\TrimStrings->handle(Object(Illuminate\\Http\\Request), Object(Closure))
#32 D:\\weblaptrinh2\\srccode\\vendor\\laravel\\framework\\src\\Illuminate\\Foundation\\Http\\Middleware\\ValidatePostSize.php(27): Illuminate\\Pipeline\\Pipeline->Illuminate\\Pipeline\\{closure}(Object(Illuminate\\Http\\Request))
#33 D:\\weblaptrinh2\\srccode\\vendor\\laravel\\framework\\src\\Illuminate\\Pipeline\\Pipeline.php(183): Illuminate\\Foundation\\Http\\Middleware\\ValidatePostSize->handle(Object(Illuminate\\Http\\Request), Object(Closure))
#34 D:\\weblaptrinh2\\srccode\\vendor\\laravel\\framework\\src\\Illuminate\\Foundation\\Http\\Middleware\\PreventRequestsDuringMaintenance.php(99): Illuminate\\Pipeline\\Pipeline->Illuminate\\Pipeline\\{closure}(Object(Illuminate\\Http\\Request))
#35 D:\\weblaptrinh2\\srccode\\vendor\\laravel\\framework\\src\\Illuminate\\Pipeline\\Pipeline.php(183): Illuminate\\Foundation\\Http\\Middleware\\PreventRequestsDuringMaintenance->handle(Object(Illuminate\\Http\\Request), Object(Closure))
#36 D:\\weblaptrinh2\\srccode\\vendor\\laravel\\framework\\src\\Illuminate\\Http\\Middleware\\HandleCors.php(49): Illuminate\\Pipeline\\Pipeline->Illuminate\\Pipeline\\{closure}(Object(Illuminate\\Http\\Request))
#37 D:\\weblaptrinh2\\srccode\\vendor\\laravel\\framework\\src\\Illuminate\\Pipeline\\Pipeline.php(183): Illuminate\\Http\\Middleware\\HandleCors->handle(Object(Illuminate\\Http\\Request), Object(Closure))
#38 D:\\weblaptrinh2\\srccode\\vendor\\laravel\\framework\\src\\Illuminate\\Http\\Middleware\\TrustProxies.php(39): Illuminate\\Pipeline\\Pipeline->Illuminate\\Pipeline\\{closure}(Object(Illuminate\\Http\\Request))
#39 D:\\weblaptrinh2\\srccode\\vendor\\laravel\\framework\\src\\Illuminate\\Pipeline\\Pipeline.php(183): Illuminate\\Http\\Middleware\\TrustProxies->handle(Object(Illuminate\\Http\\Request), Object(Closure))
#40 D:\\weblaptrinh2\\srccode\\vendor\\laravel\\framework\\src\\Illuminate\\Pipeline\\Pipeline.php(119): Illuminate\\Pipeline\\Pipeline->Illuminate\\Pipeline\\{closure}(Object(Illuminate\\Http\\Request))
#41 D:\\weblaptrinh2\\srccode\\vendor\\laravel\\framework\\src\\Illuminate\\Foundation\\Http\\Kernel.php(175): Illuminate\\Pipeline\\Pipeline->then(Object(Closure))
#42 D:\\weblaptrinh2\\srccode\\vendor\\laravel\\framework\\src\\Illuminate\\Foundation\\Http\\Kernel.php(144): Illuminate\\Foundation\\Http\\Kernel->sendRequestThroughRouter(Object(Illuminate\\Http\\Request))
#43 D:\\weblaptrinh2\\srccode\\public\\index.php(51): Illuminate\\Foundation\\Http\\Kernel->handle(Object(Illuminate\\Http\\Request))
#44 D:\\weblaptrinh2\\srccode\\vendor\\laravel\\framework\\src\\Illuminate\\Foundation\\resources\\server.php(16): require_once('D:\\\\weblaptrinh2...')
#45 {main}
"} 
[2025-04-03 07:58:41] local.ERROR: View [dashboard] not found. {"view":{"view":"D:\\weblaptrinh2\\srccode\\resources\\views\\crud_user\\login.blade.php","data":{"errors":"<pre class=sf-dump id=sf-dump-1496895595 data-indent-pad=\"  \"><span class=sf-dump-note>Illuminate\\Support\\ViewErrorBag</span> {<a class=sf-dump-ref>#273</a><samp data-depth=1 class=sf-dump-expanded>
  #<span class=sf-dump-protected title=\"Protected property\">bags</span>: []
</samp>}
</pre><script>Sfdump(\"sf-dump-1496895595\", {\"maxDepth\":3,\"maxStringLength\":160})</script>
"}},"exception":"[object] (Spatie\\LaravelIgnition\\Exceptions\\ViewException(code: 0): View [dashboard] not found. at D:\\weblaptrinh2\\srccode\\vendor\\laravel\\framework\\src\\Illuminate\\View\\FileViewFinder.php:137)
[stacktrace]
#0 D:\\weblaptrinh2\\srccode\\vendor\\laravel\\framework\\src\\Illuminate\\View\\FileViewFinder.php(79): Illuminate\\View\\FileViewFinder->findInPaths('dashboard', Array)
#1 D:\\weblaptrinh2\\srccode\\vendor\\laravel\\framework\\src\\Illuminate\\View\\Factory.php(137): Illuminate\\View\\FileViewFinder->find('dashboard')
#2 D:\\weblaptrinh2\\srccode\\resources\\views\\crud_user\\login.blade.php(43): Illuminate\\View\\Factory->make('dashboard', Array)
#3 D:\\weblaptrinh2\\srccode\\vendor\\laravel\\framework\\src\\Illuminate\\Filesystem\\Filesystem.php(123): require('D:\\\\weblaptrinh2...')
#4 D:\\weblaptrinh2\\srccode\\vendor\\laravel\\framework\\src\\Illuminate\\Filesystem\\Filesystem.php(124): Illuminate\\Filesystem\\Filesystem::Illuminate\\Filesystem\\{closure}()
#5 D:\\weblaptrinh2\\srccode\\vendor\\laravel\\framework\\src\\Illuminate\\View\\Engines\\PhpEngine.php(58): Illuminate\\Filesystem\\Filesystem->getRequire('D:\\\\weblaptrinh2...', Array)
#6 D:\\weblaptrinh2\\srccode\\vendor\\laravel\\framework\\src\\Illuminate\\View\\Engines\\CompilerEngine.php(72): Illuminate\\View\\Engines\\PhpEngine->evaluatePath('D:\\\\weblaptrinh2...', Array)
#7 D:\\weblaptrinh2\\srccode\\vendor\\laravel\\framework\\src\\Illuminate\\View\\View.php(207): Illuminate\\View\\Engines\\CompilerEngine->get('D:\\\\weblaptrinh2...', Array)
#8 D:\\weblaptrinh2\\srccode\\vendor\\laravel\\framework\\src\\Illuminate\\View\\View.php(190): Illuminate\\View\\View->getContents()
#9 D:\\weblaptrinh2\\srccode\\vendor\\laravel\\framework\\src\\Illuminate\\View\\View.php(159): Illuminate\\View\\View->renderContents()
#10 D:\\weblaptrinh2\\srccode\\vendor\\laravel\\framework\\src\\Illuminate\\Http\\Response.php(69): Illuminate\\View\\View->render()
#11 D:\\weblaptrinh2\\srccode\\vendor\\laravel\\framework\\src\\Illuminate\\Http\\Response.php(35): Illuminate\\Http\\Response->setContent(Object(Illuminate\\View\\View))
#12 D:\\weblaptrinh2\\srccode\\vendor\\laravel\\framework\\src\\Illuminate\\Routing\\Router.php(918): Illuminate\\Http\\Response->__construct(Object(Illuminate\\View\\View), 200, Array)
#13 D:\\weblaptrinh2\\srccode\\vendor\\laravel\\framework\\src\\Illuminate\\Routing\\Router.php(885): Illuminate\\Routing\\Router::toResponse(Object(Illuminate\\Http\\Request), Object(Illuminate\\View\\View))
#14 D:\\weblaptrinh2\\srccode\\vendor\\laravel\\framework\\src\\Illuminate\\Routing\\Router.php(805): Illuminate\\Routing\\Router->prepareResponse(Object(Illuminate\\Http\\Request), Object(Illuminate\\View\\View))
#15 D:\\weblaptrinh2\\srccode\\vendor\\laravel\\framework\\src\\Illuminate\\Pipeline\\Pipeline.php(144): Illuminate\\Routing\\Router->Illuminate\\Routing\\{closure}(Object(Illuminate\\Http\\Request))
#16 D:\\weblaptrinh2\\srccode\\vendor\\laravel\\framework\\src\\Illuminate\\Routing\\Middleware\\SubstituteBindings.php(50): Illuminate\\Pipeline\\Pipeline->Illuminate\\Pipeline\\{closure}(Object(Illuminate\\Http\\Request))
#17 D:\\weblaptrinh2\\srccode\\vendor\\laravel\\framework\\src\\Illuminate\\Pipeline\\Pipeline.php(183): Illuminate\\Routing\\Middleware\\SubstituteBindings->handle(Object(Illuminate\\Http\\Request), Object(Closure))
#18 D:\\weblaptrinh2\\srccode\\vendor\\laravel\\framework\\src\\Illuminate\\Foundation\\Http\\Middleware\\VerifyCsrfToken.php(78): Illuminate\\Pipeline\\Pipeline->Illuminate\\Pipeline\\{closure}(Object(Illuminate\\Http\\Request))
#19 D:\\weblaptrinh2\\srccode\\vendor\\laravel\\framework\\src\\Illuminate\\Pipeline\\Pipeline.php(183): Illuminate\\Foundation\\Http\\Middleware\\VerifyCsrfToken->handle(Object(Illuminate\\Http\\Request), Object(Closure))
#20 D:\\weblaptrinh2\\srccode\\vendor\\laravel\\framework\\src\\Illuminate\\View\\Middleware\\ShareErrorsFromSession.php(49): Illuminate\\Pipeline\\Pipeline->Illuminate\\Pipeline\\{closure}(Object(Illuminate\\Http\\Request))
#21 D:\\weblaptrinh2\\srccode\\vendor\\laravel\\framework\\src\\Illuminate\\Pipeline\\Pipeline.php(183): Illuminate\\View\\Middleware\\ShareErrorsFromSession->handle(Object(Illuminate\\Http\\Request), Object(Closure))
#22 D:\\weblaptrinh2\\srccode\\vendor\\laravel\\framework\\src\\Illuminate\\Session\\Middleware\\StartSession.php(121): Illuminate\\Pipeline\\Pipeline->Illuminate\\Pipeline\\{closure}(Object(Illuminate\\Http\\Request))
#23 D:\\weblaptrinh2\\srccode\\vendor\\laravel\\framework\\src\\Illuminate\\Session\\Middleware\\StartSession.php(64): Illuminate\\Session\\Middleware\\StartSession->handleStatefulRequest(Object(Illuminate\\Http\\Request), Object(Illuminate\\Session\\Store), Object(Closure))
#24 D:\\weblaptrinh2\\srccode\\vendor\\laravel\\framework\\src\\Illuminate\\Pipeline\\Pipeline.php(183): Illuminate\\Session\\Middleware\\StartSession->handle(Object(Illuminate\\Http\\Request), Object(Closure))
#25 D:\\weblaptrinh2\\srccode\\vendor\\laravel\\framework\\src\\Illuminate\\Cookie\\Middleware\\AddQueuedCookiesToResponse.php(37): Illuminate\\Pipeline\\Pipeline->Illuminate\\Pipeline\\{closure}(Object(Illuminate\\Http\\Request))
#26 D:\\weblaptrinh2\\srccode\\vendor\\laravel\\framework\\src\\Illuminate\\Pipeline\\Pipeline.php(183): Illuminate\\Cookie\\Middleware\\AddQueuedCookiesToResponse->handle(Object(Illuminate\\Http\\Request), Object(Closure))
#27 D:\\weblaptrinh2\\srccode\\vendor\\laravel\\framework\\src\\Illuminate\\Cookie\\Middleware\\EncryptCookies.php(67): Illuminate\\Pipeline\\Pipeline->Illuminate\\Pipeline\\{closure}(Object(Illuminate\\Http\\Request))
#28 D:\\weblaptrinh2\\srccode\\vendor\\laravel\\framework\\src\\Illuminate\\Pipeline\\Pipeline.php(183): Illuminate\\Cookie\\Middleware\\EncryptCookies->handle(Object(Illuminate\\Http\\Request), Object(Closure))
#29 D:\\weblaptrinh2\\srccode\\vendor\\laravel\\framework\\src\\Illuminate\\Pipeline\\Pipeline.php(119): Illuminate\\Pipeline\\Pipeline->Illuminate\\Pipeline\\{closure}(Object(Illuminate\\Http\\Request))
#30 D:\\weblaptrinh2\\srccode\\vendor\\laravel\\framework\\src\\Illuminate\\Routing\\Router.php(805): Illuminate\\Pipeline\\Pipeline->then(Object(Closure))
#31 D:\\weblaptrinh2\\srccode\\vendor\\laravel\\framework\\src\\Illuminate\\Routing\\Router.php(784): Illuminate\\Routing\\Router->runRouteWithinStack(Object(Illuminate\\Routing\\Route), Object(Illuminate\\Http\\Request))
#32 D:\\weblaptrinh2\\srccode\\vendor\\laravel\\framework\\src\\Illuminate\\Routing\\Router.php(748): Illuminate\\Routing\\Router->runRoute(Object(Illuminate\\Http\\Request), Object(Illuminate\\Routing\\Route))
#33 D:\\weblaptrinh2\\srccode\\vendor\\laravel\\framework\\src\\Illuminate\\Routing\\Router.php(737): Illuminate\\Routing\\Router->dispatchToRoute(Object(Illuminate\\Http\\Request))
#34 D:\\weblaptrinh2\\srccode\\vendor\\laravel\\framework\\src\\Illuminate\\Foundation\\Http\\Kernel.php(200): Illuminate\\Routing\\Router->dispatch(Object(Illuminate\\Http\\Request))
#35 D:\\weblaptrinh2\\srccode\\vendor\\laravel\\framework\\src\\Illuminate\\Pipeline\\Pipeline.php(144): Illuminate\\Foundation\\Http\\Kernel->Illuminate\\Foundation\\Http\\{closure}(Object(Illuminate\\Http\\Request))
#36 D:\\weblaptrinh2\\srccode\\vendor\\laravel\\framework\\src\\Illuminate\\Foundation\\Http\\Middleware\\TransformsRequest.php(21): Illuminate\\Pipeline\\Pipeline->Illuminate\\Pipeline\\{closure}(Object(Illuminate\\Http\\Request))
#37 D:\\weblaptrinh2\\srccode\\vendor\\laravel\\framework\\src\\Illuminate\\Foundation\\Http\\Middleware\\ConvertEmptyStringsToNull.php(31): Illuminate\\Foundation\\Http\\Middleware\\TransformsRequest->handle(Object(Illuminate\\Http\\Request), Object(Closure))
#38 D:\\weblaptrinh2\\srccode\\vendor\\laravel\\framework\\src\\Illuminate\\Pipeline\\Pipeline.php(183): Illuminate\\Foundation\\Http\\Middleware\\ConvertEmptyStringsToNull->handle(Object(Illuminate\\Http\\Request), Object(Closure))
#39 D:\\weblaptrinh2\\srccode\\vendor\\laravel\\framework\\src\\Illuminate\\Foundation\\Http\\Middleware\\TransformsRequest.php(21): Illuminate\\Pipeline\\Pipeline->Illuminate\\Pipeline\\{closure}(Object(Illuminate\\Http\\Request))
#40 D:\\weblaptrinh2\\srccode\\vendor\\laravel\\framework\\src\\Illuminate\\Foundation\\Http\\Middleware\\TrimStrings.php(40): Illuminate\\Foundation\\Http\\Middleware\\TransformsRequest->handle(Object(Illuminate\\Http\\Request), Object(Closure))
#41 D:\\weblaptrinh2\\srccode\\vendor\\laravel\\framework\\src\\Illuminate\\Pipeline\\Pipeline.php(183): Illuminate\\Foundation\\Http\\Middleware\\TrimStrings->handle(Object(Illuminate\\Http\\Request), Object(Closure))
#42 D:\\weblaptrinh2\\srccode\\vendor\\laravel\\framework\\src\\Illuminate\\Foundation\\Http\\Middleware\\ValidatePostSize.php(27): Illuminate\\Pipeline\\Pipeline->Illuminate\\Pipeline\\{closure}(Object(Illuminate\\Http\\Request))
#43 D:\\weblaptrinh2\\srccode\\vendor\\laravel\\framework\\src\\Illuminate\\Pipeline\\Pipeline.php(183): Illuminate\\Foundation\\Http\\Middleware\\ValidatePostSize->handle(Object(Illuminate\\Http\\Request), Object(Closure))
#44 D:\\weblaptrinh2\\srccode\\vendor\\laravel\\framework\\src\\Illuminate\\Foundation\\Http\\Middleware\\PreventRequestsDuringMaintenance.php(99): Illuminate\\Pipeline\\Pipeline->Illuminate\\Pipeline\\{closure}(Object(Illuminate\\Http\\Request))
#45 D:\\weblaptrinh2\\srccode\\vendor\\laravel\\framework\\src\\Illuminate\\Pipeline\\Pipeline.php(183): Illuminate\\Foundation\\Http\\Middleware\\PreventRequestsDuringMaintenance->handle(Object(Illuminate\\Http\\Request), Object(Closure))
#46 D:\\weblaptrinh2\\srccode\\vendor\\laravel\\framework\\src\\Illuminate\\Http\\Middleware\\HandleCors.php(49): Illuminate\\Pipeline\\Pipeline->Illuminate\\Pipeline\\{closure}(Object(Illuminate\\Http\\Request))
#47 D:\\weblaptrinh2\\srccode\\vendor\\laravel\\framework\\src\\Illuminate\\Pipeline\\Pipeline.php(183): Illuminate\\Http\\Middleware\\HandleCors->handle(Object(Illuminate\\Http\\Request), Object(Closure))
#48 D:\\weblaptrinh2\\srccode\\vendor\\laravel\\framework\\src\\Illuminate\\Http\\Middleware\\TrustProxies.php(39): Illuminate\\Pipeline\\Pipeline->Illuminate\\Pipeline\\{closure}(Object(Illuminate\\Http\\Request))
#49 D:\\weblaptrinh2\\srccode\\vendor\\laravel\\framework\\src\\Illuminate\\Pipeline\\Pipeline.php(183): Illuminate\\Http\\Middleware\\TrustProxies->handle(Object(Illuminate\\Http\\Request), Object(Closure))
#50 D:\\weblaptrinh2\\srccode\\vendor\\laravel\\framework\\src\\Illuminate\\Pipeline\\Pipeline.php(119): Illuminate\\Pipeline\\Pipeline->Illuminate\\Pipeline\\{closure}(Object(Illuminate\\Http\\Request))
#51 D:\\weblaptrinh2\\srccode\\vendor\\laravel\\framework\\src\\Illuminate\\Foundation\\Http\\Kernel.php(175): Illuminate\\Pipeline\\Pipeline->then(Object(Closure))
#52 D:\\weblaptrinh2\\srccode\\vendor\\laravel\\framework\\src\\Illuminate\\Foundation\\Http\\Kernel.php(144): Illuminate\\Foundation\\Http\\Kernel->sendRequestThroughRouter(Object(Illuminate\\Http\\Request))
#53 D:\\weblaptrinh2\\srccode\\public\\index.php(51): Illuminate\\Foundation\\Http\\Kernel->handle(Object(Illuminate\\Http\\Request))
#54 D:\\weblaptrinh2\\srccode\\vendor\\laravel\\framework\\src\\Illuminate\\Foundation\\resources\\server.php(16): require_once('D:\\\\weblaptrinh2...')
#55 {main}

[previous exception] [object] (InvalidArgumentException(code: 0): View [dashboard] not found. at D:\\weblaptrinh2\\srccode\\vendor\\laravel\\framework\\src\\Illuminate\\View\\FileViewFinder.php:137)
[stacktrace]
#0 D:\\weblaptrinh2\\srccode\\vendor\\laravel\\framework\\src\\Illuminate\\View\\FileViewFinder.php(79): Illuminate\\View\\FileViewFinder->findInPaths('dashboard', Array)
#1 D:\\weblaptrinh2\\srccode\\vendor\\laravel\\framework\\src\\Illuminate\\View\\Factory.php(137): Illuminate\\View\\FileViewFinder->find('dashboard')
#2 D:\\weblaptrinh2\\srccode\\storage\\framework\\views\\514b40c3ba79031e739d69fa4580d3e0.php(42): Illuminate\\View\\Factory->make('dashboard', Array)
#3 D:\\weblaptrinh2\\srccode\\vendor\\laravel\\framework\\src\\Illuminate\\Filesystem\\Filesystem.php(123): require('D:\\\\weblaptrinh2...')
#4 D:\\weblaptrinh2\\srccode\\vendor\\laravel\\framework\\src\\Illuminate\\Filesystem\\Filesystem.php(124): Illuminate\\Filesystem\\Filesystem::Illuminate\\Filesystem\\{closure}()
#5 D:\\weblaptrinh2\\srccode\\vendor\\laravel\\framework\\src\\Illuminate\\View\\Engines\\PhpEngine.php(58): Illuminate\\Filesystem\\Filesystem->getRequire('D:\\\\weblaptrinh2...', Array)
#6 D:\\weblaptrinh2\\srccode\\vendor\\laravel\\framework\\src\\Illuminate\\View\\Engines\\CompilerEngine.php(72): Illuminate\\View\\Engines\\PhpEngine->evaluatePath('D:\\\\weblaptrinh2...', Array)
#7 D:\\weblaptrinh2\\srccode\\vendor\\laravel\\framework\\src\\Illuminate\\View\\View.php(207): Illuminate\\View\\Engines\\CompilerEngine->get('D:\\\\weblaptrinh2...', Array)
#8 D:\\weblaptrinh2\\srccode\\vendor\\laravel\\framework\\src\\Illuminate\\View\\View.php(190): Illuminate\\View\\View->getContents()
#9 D:\\weblaptrinh2\\srccode\\vendor\\laravel\\framework\\src\\Illuminate\\View\\View.php(159): Illuminate\\View\\View->renderContents()
#10 D:\\weblaptrinh2\\srccode\\vendor\\laravel\\framework\\src\\Illuminate\\Http\\Response.php(69): Illuminate\\View\\View->render()
#11 D:\\weblaptrinh2\\srccode\\vendor\\laravel\\framework\\src\\Illuminate\\Http\\Response.php(35): Illuminate\\Http\\Response->setContent(Object(Illuminate\\View\\View))
#12 D:\\weblaptrinh2\\srccode\\vendor\\laravel\\framework\\src\\Illuminate\\Routing\\Router.php(918): Illuminate\\Http\\Response->__construct(Object(Illuminate\\View\\View), 200, Array)
#13 D:\\weblaptrinh2\\srccode\\vendor\\laravel\\framework\\src\\Illuminate\\Routing\\Router.php(885): Illuminate\\Routing\\Router::toResponse(Object(Illuminate\\Http\\Request), Object(Illuminate\\View\\View))
#14 D:\\weblaptrinh2\\srccode\\vendor\\laravel\\framework\\src\\Illuminate\\Routing\\Router.php(805): Illuminate\\Routing\\Router->prepareResponse(Object(Illuminate\\Http\\Request), Object(Illuminate\\View\\View))
#15 D:\\weblaptrinh2\\srccode\\vendor\\laravel\\framework\\src\\Illuminate\\Pipeline\\Pipeline.php(144): Illuminate\\Routing\\Router->Illuminate\\Routing\\{closure}(Object(Illuminate\\Http\\Request))
#16 D:\\weblaptrinh2\\srccode\\vendor\\laravel\\framework\\src\\Illuminate\\Routing\\Middleware\\SubstituteBindings.php(50): Illuminate\\Pipeline\\Pipeline->Illuminate\\Pipeline\\{closure}(Object(Illuminate\\Http\\Request))
#17 D:\\weblaptrinh2\\srccode\\vendor\\laravel\\framework\\src\\Illuminate\\Pipeline\\Pipeline.php(183): Illuminate\\Routing\\Middleware\\SubstituteBindings->handle(Object(Illuminate\\Http\\Request), Object(Closure))
#18 D:\\weblaptrinh2\\srccode\\vendor\\laravel\\framework\\src\\Illuminate\\Foundation\\Http\\Middleware\\VerifyCsrfToken.php(78): Illuminate\\Pipeline\\Pipeline->Illuminate\\Pipeline\\{closure}(Object(Illuminate\\Http\\Request))
#19 D:\\weblaptrinh2\\srccode\\vendor\\laravel\\framework\\src\\Illuminate\\Pipeline\\Pipeline.php(183): Illuminate\\Foundation\\Http\\Middleware\\VerifyCsrfToken->handle(Object(Illuminate\\Http\\Request), Object(Closure))
#20 D:\\weblaptrinh2\\srccode\\vendor\\laravel\\framework\\src\\Illuminate\\View\\Middleware\\ShareErrorsFromSession.php(49): Illuminate\\Pipeline\\Pipeline->Illuminate\\Pipeline\\{closure}(Object(Illuminate\\Http\\Request))
#21 D:\\weblaptrinh2\\srccode\\vendor\\laravel\\framework\\src\\Illuminate\\Pipeline\\Pipeline.php(183): Illuminate\\View\\Middleware\\ShareErrorsFromSession->handle(Object(Illuminate\\Http\\Request), Object(Closure))
#22 D:\\weblaptrinh2\\srccode\\vendor\\laravel\\framework\\src\\Illuminate\\Session\\Middleware\\StartSession.php(121): Illuminate\\Pipeline\\Pipeline->Illuminate\\Pipeline\\{closure}(Object(Illuminate\\Http\\Request))
#23 D:\\weblaptrinh2\\srccode\\vendor\\laravel\\framework\\src\\Illuminate\\Session\\Middleware\\StartSession.php(64): Illuminate\\Session\\Middleware\\StartSession->handleStatefulRequest(Object(Illuminate\\Http\\Request), Object(Illuminate\\Session\\Store), Object(Closure))
#24 D:\\weblaptrinh2\\srccode\\vendor\\laravel\\framework\\src\\Illuminate\\Pipeline\\Pipeline.php(183): Illuminate\\Session\\Middleware\\StartSession->handle(Object(Illuminate\\Http\\Request), Object(Closure))
#25 D:\\weblaptrinh2\\srccode\\vendor\\laravel\\framework\\src\\Illuminate\\Cookie\\Middleware\\AddQueuedCookiesToResponse.php(37): Illuminate\\Pipeline\\Pipeline->Illuminate\\Pipeline\\{closure}(Object(Illuminate\\Http\\Request))
#26 D:\\weblaptrinh2\\srccode\\vendor\\laravel\\framework\\src\\Illuminate\\Pipeline\\Pipeline.php(183): Illuminate\\Cookie\\Middleware\\AddQueuedCookiesToResponse->handle(Object(Illuminate\\Http\\Request), Object(Closure))
#27 D:\\weblaptrinh2\\srccode\\vendor\\laravel\\framework\\src\\Illuminate\\Cookie\\Middleware\\EncryptCookies.php(67): Illuminate\\Pipeline\\Pipeline->Illuminate\\Pipeline\\{closure}(Object(Illuminate\\Http\\Request))
#28 D:\\weblaptrinh2\\srccode\\vendor\\laravel\\framework\\src\\Illuminate\\Pipeline\\Pipeline.php(183): Illuminate\\Cookie\\Middleware\\EncryptCookies->handle(Object(Illuminate\\Http\\Request), Object(Closure))
#29 D:\\weblaptrinh2\\srccode\\vendor\\laravel\\framework\\src\\Illuminate\\Pipeline\\Pipeline.php(119): Illuminate\\Pipeline\\Pipeline->Illuminate\\Pipeline\\{closure}(Object(Illuminate\\Http\\Request))
#30 D:\\weblaptrinh2\\srccode\\vendor\\laravel\\framework\\src\\Illuminate\\Routing\\Router.php(805): Illuminate\\Pipeline\\Pipeline->then(Object(Closure))
#31 D:\\weblaptrinh2\\srccode\\vendor\\laravel\\framework\\src\\Illuminate\\Routing\\Router.php(784): Illuminate\\Routing\\Router->runRouteWithinStack(Object(Illuminate\\Routing\\Route), Object(Illuminate\\Http\\Request))
#32 D:\\weblaptrinh2\\srccode\\vendor\\laravel\\framework\\src\\Illuminate\\Routing\\Router.php(748): Illuminate\\Routing\\Router->runRoute(Object(Illuminate\\Http\\Request), Object(Illuminate\\Routing\\Route))
#33 D:\\weblaptrinh2\\srccode\\vendor\\laravel\\framework\\src\\Illuminate\\Routing\\Router.php(737): Illuminate\\Routing\\Router->dispatchToRoute(Object(Illuminate\\Http\\Request))
#34 D:\\weblaptrinh2\\srccode\\vendor\\laravel\\framework\\src\\Illuminate\\Foundation\\Http\\Kernel.php(200): Illuminate\\Routing\\Router->dispatch(Object(Illuminate\\Http\\Request))
#35 D:\\weblaptrinh2\\srccode\\vendor\\laravel\\framework\\src\\Illuminate\\Pipeline\\Pipeline.php(144): Illuminate\\Foundation\\Http\\Kernel->Illuminate\\Foundation\\Http\\{closure}(Object(Illuminate\\Http\\Request))
#36 D:\\weblaptrinh2\\srccode\\vendor\\laravel\\framework\\src\\Illuminate\\Foundation\\Http\\Middleware\\TransformsRequest.php(21): Illuminate\\Pipeline\\Pipeline->Illuminate\\Pipeline\\{closure}(Object(Illuminate\\Http\\Request))
#37 D:\\weblaptrinh2\\srccode\\vendor\\laravel\\framework\\src\\Illuminate\\Foundation\\Http\\Middleware\\ConvertEmptyStringsToNull.php(31): Illuminate\\Foundation\\Http\\Middleware\\TransformsRequest->handle(Object(Illuminate\\Http\\Request), Object(Closure))
#38 D:\\weblaptrinh2\\srccode\\vendor\\laravel\\framework\\src\\Illuminate\\Pipeline\\Pipeline.php(183): Illuminate\\Foundation\\Http\\Middleware\\ConvertEmptyStringsToNull->handle(Object(Illuminate\\Http\\Request), Object(Closure))
#39 D:\\weblaptrinh2\\srccode\\vendor\\laravel\\framework\\src\\Illuminate\\Foundation\\Http\\Middleware\\TransformsRequest.php(21): Illuminate\\Pipeline\\Pipeline->Illuminate\\Pipeline\\{closure}(Object(Illuminate\\Http\\Request))
#40 D:\\weblaptrinh2\\srccode\\vendor\\laravel\\framework\\src\\Illuminate\\Foundation\\Http\\Middleware\\TrimStrings.php(40): Illuminate\\Foundation\\Http\\Middleware\\TransformsRequest->handle(Object(Illuminate\\Http\\Request), Object(Closure))
#41 D:\\weblaptrinh2\\srccode\\vendor\\laravel\\framework\\src\\Illuminate\\Pipeline\\Pipeline.php(183): Illuminate\\Foundation\\Http\\Middleware\\TrimStrings->handle(Object(Illuminate\\Http\\Request), Object(Closure))
#42 D:\\weblaptrinh2\\srccode\\vendor\\laravel\\framework\\src\\Illuminate\\Foundation\\Http\\Middleware\\ValidatePostSize.php(27): Illuminate\\Pipeline\\Pipeline->Illuminate\\Pipeline\\{closure}(Object(Illuminate\\Http\\Request))
#43 D:\\weblaptrinh2\\srccode\\vendor\\laravel\\framework\\src\\Illuminate\\Pipeline\\Pipeline.php(183): Illuminate\\Foundation\\Http\\Middleware\\ValidatePostSize->handle(Object(Illuminate\\Http\\Request), Object(Closure))
#44 D:\\weblaptrinh2\\srccode\\vendor\\laravel\\framework\\src\\Illuminate\\Foundation\\Http\\Middleware\\PreventRequestsDuringMaintenance.php(99): Illuminate\\Pipeline\\Pipeline->Illuminate\\Pipeline\\{closure}(Object(Illuminate\\Http\\Request))
#45 D:\\weblaptrinh2\\srccode\\vendor\\laravel\\framework\\src\\Illuminate\\Pipeline\\Pipeline.php(183): Illuminate\\Foundation\\Http\\Middleware\\PreventRequestsDuringMaintenance->handle(Object(Illuminate\\Http\\Request), Object(Closure))
#46 D:\\weblaptrinh2\\srccode\\vendor\\laravel\\framework\\src\\Illuminate\\Http\\Middleware\\HandleCors.php(49): Illuminate\\Pipeline\\Pipeline->Illuminate\\Pipeline\\{closure}(Object(Illuminate\\Http\\Request))
#47 D:\\weblaptrinh2\\srccode\\vendor\\laravel\\framework\\src\\Illuminate\\Pipeline\\Pipeline.php(183): Illuminate\\Http\\Middleware\\HandleCors->handle(Object(Illuminate\\Http\\Request), Object(Closure))
#48 D:\\weblaptrinh2\\srccode\\vendor\\laravel\\framework\\src\\Illuminate\\Http\\Middleware\\TrustProxies.php(39): Illuminate\\Pipeline\\Pipeline->Illuminate\\Pipeline\\{closure}(Object(Illuminate\\Http\\Request))
#49 D:\\weblaptrinh2\\srccode\\vendor\\laravel\\framework\\src\\Illuminate\\Pipeline\\Pipeline.php(183): Illuminate\\Http\\Middleware\\TrustProxies->handle(Object(Illuminate\\Http\\Request), Object(Closure))
#50 D:\\weblaptrinh2\\srccode\\vendor\\laravel\\framework\\src\\Illuminate\\Pipeline\\Pipeline.php(119): Illuminate\\Pipeline\\Pipeline->Illuminate\\Pipeline\\{closure}(Object(Illuminate\\Http\\Request))
#51 D:\\weblaptrinh2\\srccode\\vendor\\laravel\\framework\\src\\Illuminate\\Foundation\\Http\\Kernel.php(175): Illuminate\\Pipeline\\Pipeline->then(Object(Closure))
#52 D:\\weblaptrinh2\\srccode\\vendor\\laravel\\framework\\src\\Illuminate\\Foundation\\Http\\Kernel.php(144): Illuminate\\Foundation\\Http\\Kernel->sendRequestThroughRouter(Object(Illuminate\\Http\\Request))
#53 D:\\weblaptrinh2\\srccode\\public\\index.php(51): Illuminate\\Foundation\\Http\\Kernel->handle(Object(Illuminate\\Http\\Request))
#54 D:\\weblaptrinh2\\srccode\\vendor\\laravel\\framework\\src\\Illuminate\\Foundation\\resources\\server.php(16): require_once('D:\\\\weblaptrinh2...')
#55 {main}
"} 
